<?xml version="1.0"?>
<MDLRoot xmlns:xsi="http://www.w3.org/2001/XMLSchema-instance" 
         xmlns="http://inetprogram.org/projects/MDL" 
         xmlns:mdl="http://inetprogram.org/projects/MDL" 
         xmlns:tmats="https://wsmrc2vger.wsmr.army.mil/rcc/manuals/106-11" 
         xsi:schemaLocation="http://inetprogram.org/projects/MDL MDL_v0_8_11.xsd">
  <ConfigurationVersion>0.0.1</ConfigurationVersion>
  <TestMissions>
    <TestMission>
      <Name>Packaging a PCM Stream Example</Name>
      <TmNSCompleteness>false</TmNSCompleteness>
      <TmNSCompletenessDescription>4 Dau Test</TmNSCompletenessDescription>
      <NetworkReferences>
        <NetworkRef IDREF="TestArticleNetworkID"/>
        <NetworkRef IDREF="GroundNetworkID"/>
      </NetworkReferences>
    </TestMission>
  </TestMissions>
  <Units>
    <DerivedUnit ID="Bits16EU">
      <Name>Two Bytes</Name>
      <Description>16 binary digits (2 bytes)</Description>
      <Symbol>W16</Symbol>
      <UnitsNumerator>
        <NumericalConstant>16</NumericalConstant>
        <SIUnits>Bit</SIUnits>
      </UnitsNumerator>
    </DerivedUnit>
  </Units>
  <MeasurementDomains>
    <MeasurementDomain>
      <Name>Example Measurement Domain</Name>
      <Packages>
        <PackageDefinition ID="PCM_Ex1_Definition">
          <Description>This describes packaging the entire PCM stream</Description>
          <PackageDefinitionID>0x00001001</PackageDefinitionID>
          <StandardPackageHeader>true</StandardPackageHeader>
          <DataStreamRef IDREF="TMATS-PCM-SAMPLE"/>
        </PackageDefinition>

        <PackageDefinition ID="PCM_Ex1_Definition2">
          <Description>This describes packaging only minor frames 2, 4, and 6 from the PCM stream</Description>
          <PackageDefinitionID>0x00001002</PackageDefinitionID>
          <StandardPackageHeader>true</StandardPackageHeader>
          <DataStreamRef IDREF="TMATS-PCM-SAMPLE"/>
          <PCMMinorFrame Index="1">2</PCMMinorFrame>
          <PCMMinorFrame Index="2">4</PCMMinorFrame>
          <PCMMinorFrame Index="3">6</PCMMinorFrame>
        </PackageDefinition>

        <PackageDefinition ID="PCM_Ex1_Definition3">
          <Description>This describes packaging only minor frames 2, 4, and 6 from the PCM stream</Description>
          <PackageDefinitionID>0x00001003</PackageDefinitionID>
          <StandardPackageHeader>true</StandardPackageHeader>
          <DataStreamRef IDREF="TMATS-PCM-SAMPLE"/>
          <PCMMinorFrame Index="1">1</PCMMinorFrame>
          <PCMMinorFrame Index="2">3</PCMMinorFrame>
          <PCMMinorFrame Index="3">5</PCMMinorFrame>
        </PackageDefinition>

      </Packages>
      <Messages>
        <MessageDefinition ID="PCM_Ex1_Message">
          <MessageDefinitionID>0x00020001</MessageDefinitionID>
          <DSCPTableEntryRef IDREF="DiffservExpeditedForwarding"/>
          <DestinationAddress>230.0.0.10</DestinationAddress>
          <MaximumMessageLength>
            <FlexValue>500</FlexValue>
            <UnitsRef IDREF="Bits16EU"/>
          </MaximumMessageLength>
          <MaximumMessageLatency>
            <FloatValue>3</FloatValue>
            <SIUnits>Second</SIUnits>
          </MaximumMessageLatency>
          <FixedPackageOrder>true</FixedPackageOrder>
          <FixedNumberOfPackages>false</FixedNumberOfPackages>
          <PackageInstance Index="1">
            <PackageDefinitionRef IDREF="PCM_Ex1_Definition"/>
          </PackageInstance>
        </MessageDefinition>
      </Messages>
      <DataStreams>
        <DataStream ID="TMATS-PCM-SAMPLE">
          <DataStreamID>TMATS Sample</DataStreamID>
          <DataStreamType>PCMStream</DataStreamType>
          <PCMDataLink ID="PCMStream1">

            <!-- P Group -->
            <PCMFormatAttributes>
              <tmats:InputData>
                <tmats:PCMCode>NRZ-L</tmats:PCMCode>
                <tmats:BitRate>100000</tmats:BitRate>
                <tmats:Encrypted>Encrypted</tmats:Encrypted>
                <tmats:Polarity>Inverted</tmats:Polarity>
                <tmats:AutoPolarityCorrection>Yes</tmats:AutoPolarityCorrection>
                <tmats:DataDirection>Normal</tmats:DataDirection>
                <tmats:DataRandomized>Yes</tmats:DataRandomized>
                <tmats:RandomizerLength>Not Applicable</tmats:RandomizerLength>
              </tmats:InputData>
              <tmats:Format>
                <tmats:TypeFormat>Class 1</tmats:TypeFormat>
                <tmats:CommonWordLength>12</tmats:CommonWordLength>
                <tmats:WordTransferOrder>LSB First</tmats:WordTransferOrder>
                <tmats:Parity>Odd</tmats:Parity>
                <tmats:ParityTransferOrder>Leads Word</tmats:ParityTransferOrder>
                <tmats:MinorFrame>
                  <tmats:NumberOfMinorFrames>15</tmats:NumberOfMinorFrames>
                  <tmats:WordsPerMinorFrame>25</tmats:WordsPerMinorFrame>
                  <tmats:BitsPerMinorFrame>320</tmats:BitsPerMinorFrame>
                  <tmats:SyncType>Fixed Pattern</tmats:SyncType>
                  <tmats:SyncPattern>11111110011010110010100001000000</tmats:SyncPattern>
                </tmats:MinorFrame>
              </tmats:Format>
              <tmats:SyncCriteria>
                <tmats:InSync>
                  <tmats:Criteria>Not Specified</tmats:Criteria>
                  <tmats:NumberOfFSPBits>0</tmats:NumberOfFSPBits>
                </tmats:InSync>
                <tmats:OutOfSync>
                  <tmats:NumberOfDisagrees>Not Specified</tmats:NumberOfDisagrees>
                  <tmats:NumberOfFSPBits>0</tmats:NumberOfFSPBits>
                </tmats:OutOfSync>
              </tmats:SyncCriteria>
              <tmats:Comments>Sample PCM Comment</tmats:Comments>

              <!-- D Group -->
              <tmats:PCMMeasurements>
                <tmats:MeasurementList Name="Measurement List">
                  <tmats:Measurement Name="PairSetTableLookup">
                    <tmats:Length>12</tmats:Length>
                    <tmats:Parity>Even</tmats:Parity>
                    <tmats:ParityTransferOrder>Default</tmats:ParityTransferOrder>
                    <tmats:MeasurementTransferOrder>MSB First</tmats:MeasurementTransferOrder>
                    <tmats:LocationType>Word and Frame</tmats:LocationType>
                    <tmats:WordAndFrame>
                      <tmats:MeasurementLocation>
                        <tmats:MeasurementFragments FragmentTransferOrder="MSB First">
                          <tmats:StartWord>1</tmats:StartWord>
                          <tmats:WordInterval>0</tmats:WordInterval>
                          <tmats:EndWord>1</tmats:EndWord>
                          <tmats:StartFrame>1</tmats:StartFrame>
                          <tmats:FrameInterval>1</tmats:FrameInterval>
                          <tmats:EndFrame>15</tmats:EndFrame>
                          <tmats:BitMask>111111111111</tmats:BitMask>
                        </tmats:MeasurementFragments>
                      </tmats:MeasurementLocation>
                    </tmats:WordAndFrame>
                  </tmats:Measurement>
                  <tmats:Measurement Name="PairSetCurve">
                    <tmats:Length>12</tmats:Length>
                    <tmats:Parity>Even</tmats:Parity>
                    <tmats:ParityTransferOrder>Default</tmats:ParityTransferOrder>
                    <tmats:MeasurementTransferOrder>MSB First</tmats:MeasurementTransferOrder>
                    <tmats:LocationType>Word and Frame</tmats:LocationType>
                    <tmats:WordAndFrame>
                      <tmats:MeasurementLocation>
                        <tmats:MeasurementFragments FragmentTransferOrder="MSB First">
                          <tmats:StartWord>2</tmats:StartWord>
                          <tmats:WordInterval>0</tmats:WordInterval>
                          <tmats:EndWord>2</tmats:EndWord>
                          <tmats:StartFrame>1</tmats:StartFrame>
                          <tmats:FrameInterval>1</tmats:FrameInterval>
                          <tmats:EndFrame>15</tmats:EndFrame>
                          <tmats:BitMask>111111111111</tmats:BitMask>
                        </tmats:MeasurementFragments>
                      </tmats:MeasurementLocation>
                    </tmats:WordAndFrame>
                  </tmats:Measurement>
                  <tmats:Measurement Name="Coefficients">
                    <tmats:Length>12</tmats:Length>
                    <tmats:Parity>Even</tmats:Parity>
                    <tmats:ParityTransferOrder>Default</tmats:ParityTransferOrder>
                    <tmats:MeasurementTransferOrder>MSB First</tmats:MeasurementTransferOrder>
                    <tmats:LocationType>Word and Frame</tmats:LocationType>
                    <tmats:WordAndFrame>
                      <tmats:MeasurementLocation>
                        <tmats:MeasurementFragments FragmentTransferOrder="MSB First">
                          <tmats:StartWord>3</tmats:StartWord>
                          <tmats:WordInterval>0</tmats:WordInterval>
                          <tmats:EndWord>3</tmats:EndWord>
                          <tmats:StartFrame>1</tmats:StartFrame>
                          <tmats:FrameInterval>1</tmats:FrameInterval>
                          <tmats:EndFrame>15</tmats:EndFrame>
                          <tmats:BitMask>111111000000</tmats:BitMask>
                        </tmats:MeasurementFragments>
                      </tmats:MeasurementLocation>
                    </tmats:WordAndFrame>
                  </tmats:Measurement>
                  <tmats:Measurement Name="Discrete">
                    <tmats:Length>12</tmats:Length>
                    <tmats:Parity>Even</tmats:Parity>
                    <tmats:ParityTransferOrder>Default</tmats:ParityTransferOrder>
                    <tmats:MeasurementTransferOrder>MSB First</tmats:MeasurementTransferOrder>
                    <tmats:LocationType>Word and Frame</tmats:LocationType>
                    <tmats:WordAndFrame>
                      <tmats:MeasurementLocation>
                        <tmats:MeasurementFragments FragmentTransferOrder="MSB First">
                          <tmats:StartWord>4</tmats:StartWord>
                          <tmats:WordInterval>0</tmats:WordInterval>
                          <tmats:EndWord>4</tmats:EndWord>
                          <tmats:StartFrame>1</tmats:StartFrame>
                          <tmats:FrameInterval>1</tmats:FrameInterval>
                          <tmats:EndFrame>15</tmats:EndFrame>
                          <tmats:BitMask>111111111111</tmats:BitMask>
                        </tmats:MeasurementFragments>
                      </tmats:MeasurementLocation>
                    </tmats:WordAndFrame>
                  </tmats:Measurement>
                  <tmats:Measurement Name="None">
                    <tmats:Length>12</tmats:Length>
                    <tmats:Parity>Even</tmats:Parity>
                    <tmats:ParityTransferOrder>Default</tmats:ParityTransferOrder>
                    <tmats:MeasurementTransferOrder>MSB First</tmats:MeasurementTransferOrder>
                    <tmats:LocationType>Word and Frame</tmats:LocationType>
                    <tmats:WordAndFrame>
                      <tmats:MeasurementLocation>
                        <tmats:MeasurementFragments FragmentTransferOrder="MSB First">
                          <tmats:StartWord>5</tmats:StartWord>
                          <tmats:WordInterval>0</tmats:WordInterval>
                          <tmats:EndWord>5</tmats:EndWord>
                          <tmats:StartFrame>1</tmats:StartFrame>
                          <tmats:FrameInterval>1</tmats:FrameInterval>
                          <tmats:EndFrame>15</tmats:EndFrame>
                          <tmats:BitMask>111111111111</tmats:BitMask>
                        </tmats:MeasurementFragments>
                      </tmats:MeasurementLocation>
                    </tmats:WordAndFrame>
                  </tmats:Measurement>
                  <tmats:Measurement Name="BTM">
                    <tmats:Length>12</tmats:Length>
                    <tmats:Parity>Even</tmats:Parity>
                    <tmats:ParityTransferOrder>Default</tmats:ParityTransferOrder>
                    <tmats:MeasurementTransferOrder>MSB First</tmats:MeasurementTransferOrder>
                    <tmats:LocationType>Word and Frame</tmats:LocationType>
                    <tmats:WordAndFrame>
                      <tmats:MeasurementLocation>
                        <tmats:MeasurementFragments FragmentTransferOrder="MSB First">
                          <tmats:StartWord>6</tmats:StartWord>
                          <tmats:WordInterval>0</tmats:WordInterval>
                          <tmats:EndWord>6</tmats:EndWord>
                          <tmats:StartFrame>1</tmats:StartFrame>
                          <tmats:FrameInterval>1</tmats:FrameInterval>
                          <tmats:EndFrame>15</tmats:EndFrame>
                          <tmats:BitMask>111111111111</tmats:BitMask>
                        </tmats:MeasurementFragments>
                      </tmats:MeasurementLocation>
                    </tmats:WordAndFrame>
                  </tmats:Measurement>
                  <tmats:Measurement Name="PTM">
                    <tmats:Length>12</tmats:Length>
                    <tmats:Parity>Even</tmats:Parity>
                    <tmats:ParityTransferOrder>Default</tmats:ParityTransferOrder>
                    <tmats:MeasurementTransferOrder>MSB First</tmats:MeasurementTransferOrder>
                    <tmats:LocationType>Word and Frame</tmats:LocationType>
                    <tmats:WordAndFrame>
                      <tmats:MeasurementLocation>
                        <tmats:MeasurementFragments FragmentTransferOrder="MSB First">
                          <tmats:StartWord>7</tmats:StartWord>
                          <tmats:WordInterval>0</tmats:WordInterval>
                          <tmats:EndWord>7</tmats:EndWord>
                          <tmats:StartFrame>1</tmats:StartFrame>
                          <tmats:FrameInterval>1</tmats:FrameInterval>
                          <tmats:EndFrame>15</tmats:EndFrame>
                          <tmats:BitMask>111111111111</tmats:BitMask>
                        </tmats:MeasurementFragments>
                      </tmats:MeasurementLocation>
                    </tmats:WordAndFrame>
                  </tmats:Measurement>
                  <tmats:Measurement Name="NPC">
                    <tmats:Length>12</tmats:Length>
                    <tmats:Parity>Even</tmats:Parity>
                    <tmats:ParityTransferOrder>Default</tmats:ParityTransferOrder>
                    <tmats:MeasurementTransferOrder>MSB First</tmats:MeasurementTransferOrder>
                    <tmats:LocationType>Word and Frame</tmats:LocationType>
                    <tmats:WordAndFrame>
                      <tmats:MeasurementLocation>
                        <tmats:MeasurementFragments FragmentTransferOrder="MSB First">
                          <tmats:StartWord>8</tmats:StartWord>
                          <tmats:WordInterval>0</tmats:WordInterval>
                          <tmats:EndWord>8</tmats:EndWord>
                          <tmats:StartFrame>1</tmats:StartFrame>
                          <tmats:FrameInterval>1</tmats:FrameInterval>
                          <tmats:EndFrame>15</tmats:EndFrame>
                          <tmats:BitMask>111111111111</tmats:BitMask>
                        </tmats:MeasurementFragments>
                      </tmats:MeasurementLocation>
                    </tmats:WordAndFrame>
                  </tmats:Measurement>
                  <tmats:Measurement Name="Derived">
                    <tmats:Length>12</tmats:Length>
                    <tmats:Parity>Even</tmats:Parity>
                    <tmats:ParityTransferOrder>Default</tmats:ParityTransferOrder>
                    <tmats:MeasurementTransferOrder>MSB First</tmats:MeasurementTransferOrder>
                    <tmats:LocationType>Word and Frame</tmats:LocationType>
                    <tmats:WordAndFrame>
                      <tmats:MeasurementLocation>
                        <tmats:MeasurementFragments FragmentTransferOrder="MSB First">
                          <tmats:StartWord>9</tmats:StartWord>
                          <tmats:WordInterval>0</tmats:WordInterval>
                          <tmats:EndWord>9</tmats:EndWord>
                          <tmats:StartFrame>1</tmats:StartFrame>
                          <tmats:FrameInterval>1</tmats:FrameInterval>
                          <tmats:EndFrame>15</tmats:EndFrame>
                          <tmats:BitMask>111111111111</tmats:BitMask>
                        </tmats:MeasurementFragments>
                      </tmats:MeasurementLocation>
                    </tmats:WordAndFrame>
                  </tmats:Measurement>
                  <tmats:Measurement Name="SpecialProcessing">
                    <tmats:Length>12</tmats:Length>
                    <tmats:Parity>Even</tmats:Parity>
                    <tmats:ParityTransferOrder>Default</tmats:ParityTransferOrder>
                    <tmats:MeasurementTransferOrder>MSB First</tmats:MeasurementTransferOrder>
                    <tmats:LocationType>Word and Frame</tmats:LocationType>
                    <tmats:WordAndFrame>
                      <tmats:MeasurementLocation>
                        <tmats:MeasurementFragments FragmentTransferOrder="MSB First">
                          <tmats:StartWord>10</tmats:StartWord>
                          <tmats:WordInterval>0</tmats:WordInterval>
                          <tmats:EndWord>10</tmats:EndWord>
                          <tmats:StartFrame>1</tmats:StartFrame>
                          <tmats:FrameInterval>1</tmats:FrameInterval>
                          <tmats:EndFrame>15</tmats:EndFrame>
                          <tmats:BitMask>111111111111</tmats:BitMask>
                        </tmats:MeasurementFragments>
                      </tmats:MeasurementLocation>
                    </tmats:WordAndFrame>
                  </tmats:Measurement>
                  <tmats:Measurement Name="Other">
                    <tmats:Length>12</tmats:Length>
                    <tmats:Parity>Even</tmats:Parity>
                    <tmats:ParityTransferOrder>Default</tmats:ParityTransferOrder>
                    <tmats:MeasurementTransferOrder>MSB First</tmats:MeasurementTransferOrder>
                    <tmats:LocationType>Word and Frame</tmats:LocationType>
                    <tmats:WordAndFrame>
                      <tmats:MeasurementLocation>
                        <tmats:MeasurementFragments FragmentTransferOrder="MSB First">
                          <tmats:StartWord>11</tmats:StartWord>
                          <tmats:WordInterval>0</tmats:WordInterval>
                          <tmats:EndWord>11</tmats:EndWord>
                          <tmats:StartFrame>1</tmats:StartFrame>
                          <tmats:FrameInterval>1</tmats:FrameInterval>
                          <tmats:EndFrame>15</tmats:EndFrame>
                          <tmats:BitMask>111111111111</tmats:BitMask>
                        </tmats:MeasurementFragments>
                      </tmats:MeasurementLocation>
                    </tmats:WordAndFrame>
                  </tmats:Measurement>
                  <tmats:Measurement Name="Fragment">
                    <tmats:Length>12</tmats:Length>
                    <tmats:Parity>Even</tmats:Parity>
                    <tmats:ParityTransferOrder>Default</tmats:ParityTransferOrder>
                    <tmats:MeasurementTransferOrder>MSB First</tmats:MeasurementTransferOrder>
                    <tmats:LocationType>Word and Frame</tmats:LocationType>
                    <tmats:WordAndFrame>
                      <tmats:MeasurementLocation>
                        <tmats:MeasurementFragments FragmentTransferOrder="MSB First">
                          <tmats:StartWord>12</tmats:StartWord>
                          <tmats:WordInterval>0</tmats:WordInterval>
                          <tmats:EndWord>12</tmats:EndWord>
                          <tmats:StartFrame>1</tmats:StartFrame>
                          <tmats:FrameInterval>1</tmats:FrameInterval>
                          <tmats:EndFrame>15</tmats:EndFrame>
                          <tmats:BitMask>111111000000</tmats:BitMask>
                        </tmats:MeasurementFragments>
                        <tmats:MeasurementFragments FragmentTransferOrder="MSB First">
                          <tmats:StartWord>15</tmats:StartWord>
                          <tmats:WordInterval>0</tmats:WordInterval>
                          <tmats:EndWord>15</tmats:EndWord>
                          <tmats:StartFrame>1</tmats:StartFrame>
                          <tmats:FrameInterval>1</tmats:FrameInterval>
                          <tmats:EndFrame>15</tmats:EndFrame>
                          <tmats:BitMask>111111000000</tmats:BitMask>
                        </tmats:MeasurementFragments>
                      </tmats:MeasurementLocation>
                    </tmats:WordAndFrame>
                  </tmats:Measurement>
                </tmats:MeasurementList>
              </tmats:PCMMeasurements>
            </PCMFormatAttributes>
          </PCMDataLink>
        </DataStream>
      </DataStreams>
    </MeasurementDomain>
  </MeasurementDomains>

  <NetworkDomains>
    <Network ID="TestArticleNetworkID">
      <Name>Test Article Network</Name>
      <Description>TA network</Description>
      <NetworkType>TestArticleNetwork</NetworkType>
      <NetworkServices/>

      <NetworkNode ID="Recorder">
        <Name>Recorder</Name>
        <InventoryID>Recorder</InventoryID>
        <TmNSManageableApps>
          <TmNSManageableApp ID="RecorderApp">
            <RoleID>Recorder</RoleID>
            <LoggingLevel>Trace</LoggingLevel>
            <ConfigurationVersion>0.0.1</ConfigurationVersion>
            <TmNSNetworkDevice/>
            <TmNSRecorder/>
            <TmNSRCDataSource>
              <Requirements>
                <MessageDefinitionRef IDREF="PCM_Ex1_Message"/>
                <PackageDefinitionRef IDREF="PCM_Ex1_Definition"/>
              </Requirements>
            </TmNSRCDataSource>
            <TmNSLTCDataSink>
              <MessageDefinitionRef IDREF="PCM_Ex1_Message"/>
            </TmNSLTCDataSink>
          </TmNSManageableApp>
        </TmNSManageableApps>
        <NetworkInterface ID="RecorderIFace">
          <Name>Recorder1IFace</Name>
          <InterfaceName>Recorder1IFace</InterfaceName>
          <DHCPEnable>false</DHCPEnable>
          <IPAddress>192.168.0.7</IPAddress>
          <Netmask>255.255.255.0</Netmask>
          <Gateway>192.168.0.1</Gateway>
          <MACAddress>00:00:00:00:00:00</MACAddress>
          <PhysicalNetworkPort ID="RecorderPhyNetPort">
            <Name>Recorder Phy Net Port</Name>
            <Medium>Copper</Medium>
            <PortNumber>1</PortNumber>
            <PortDataRate>
              <FloatValue>1e9</FloatValue>
              <SIUnits>BitPerSecond</SIUnits>
            </PortDataRate>
          </PhysicalNetworkPort>
        </NetworkInterface>
        <Ports>
          <Port ID="RecorderPort">
            <Name>RecorderPort</Name>
            <PortDirection>Bidirectional</PortDirection>
            <PhysicalNetworkPortRef IDREF="RecorderPhyNetPort"/>
          </Port>
        </Ports>
      </NetworkNode>

      <NetworkNode ID="SSTTransmitter">
        <Name>SST Transmitter</Name>
        <InventoryID>SST-00010</InventoryID>
        <TmNSManageableApps>
          <TmNSManageableApp ID="SSTTxApp">
            <RoleID>TmNS-SSTTx-00010</RoleID>
            <LoggingLevel>Trace</LoggingLevel>
            <ConfigurationVersion>0.0.1</ConfigurationVersion>
            <TmNSNetworkDevice/>
            <TmNSSSTTx>
              <SSTTxRCCVersion>TBD</SSTTxRCCVersion>
              <Channel ID="SSTTxAppChan1">
                <ChannelNumber>30</ChannelNumber>
                <CenterFrequency>
                  <FloatValue>1800e6</FloatValue>
                  <SIUnits>Hertz</SIUnits>
                </CenterFrequency>
                <RFHighPowerEnable>true</RFHighPowerEnable>
              </Channel>
            </TmNSSSTTx>
          </TmNSManageableApp>
        </TmNSManageableApps>
        <NetworkInterface ID="SSTTxIFace">
          <Name>SSTTxIFace</Name>
          <InterfaceName>SSTTxIFace</InterfaceName>
          <DHCPEnable>false</DHCPEnable>
          <IPAddress>192.168.0.8</IPAddress>
          <Netmask>255.255.255.0</Netmask>
          <Gateway>192.168.0.1</Gateway>
          <MACAddress>00:00:00:00:00:00</MACAddress>
          <PhysicalNetworkPort ID="SSTTxPhyNetPort">
            <Name>SST Tx Phy Net Port</Name>
            <Medium>Copper</Medium>
            <PortNumber>1</PortNumber>
            <PortDataRate>
              <FloatValue>1e9</FloatValue>
              <SIUnits>BitPerSecond</SIUnits>
            </PortDataRate>
          </PhysicalNetworkPort>
        </NetworkInterface>
        <Ports>
          <Port ID="SSTTxPort">
            <Name>SSTTxPort</Name>
            <PortDirection>Bidirectional</PortDirection>
            <PhysicalNetworkPortRef IDREF="SSTTxPhyNetPort"/>
          </Port>
          <Port ID="SSTTxInputPort">
            <Name>SST Input Port</Name>
            <PortDirection>Input</PortDirection>
          </Port>
        </Ports>
      </NetworkNode>

      <NetworkNode ID="PCMGateway">
        <Name>PCM Gateway DAU</Name>
        <InventoryID>PCM-Gate-DAU-00011</InventoryID>
        <TmNSManageableApps>
          <TmNSManageableApp ID="PCMGatewayApp">
            <RoleID>PCM-Gate-DAU-001</RoleID>
            <LoggingLevel>Trace</LoggingLevel>
            <ConfigurationVersion>0.0.1</ConfigurationVersion>
            <TmNSLTCDataSource>
              <TTL>255</TTL>
            </TmNSLTCDataSource>
          </TmNSManageableApp>
        </TmNSManageableApps>
        <NetworkInterface ID="PCMGatewayIFace">
          <Name>PCMGatewayIFace</Name>
          <InterfaceName>PCMGatewayIFace</InterfaceName>
          <DHCPEnable>false</DHCPEnable>
          <IPAddress>192.168.0.9</IPAddress>
          <Netmask>255.255.255.0</Netmask>
          <Gateway>192.168.0.1</Gateway>
          <MACAddress>00:00:00:00:00:00</MACAddress>
          <PhysicalNetworkPort ID="PCMGatewayPhyNetPort">
            <Name>PCM Gateway Phy Net Port</Name>
            <Medium>Copper</Medium>
            <PortNumber>1</PortNumber>
            <PortDataRate>
              <FloatValue>1e9</FloatValue>
              <SIUnits>BitPerSecond</SIUnits>
            </PortDataRate>
          </PhysicalNetworkPort>
        </NetworkInterface>
        <Ports>
          <Port ID="PCMGatewayPort">
            <Name>PCMGatewayPort</Name>
            <PortDirection>Bidirectional</PortDirection>
            <PhysicalNetworkPortRef IDREF="PCMGatewayPhyNetPort"/>
          </Port>
          <Port ID="PCMGatewayInputPort">
            <Name>SST Input Port</Name>
            <PortDirection>Input</PortDirection>
          </Port>
        </Ports>
      </NetworkNode>

      <NetworkNode ID="Switch1">
        <Name>Switch 1</Name>
        <InventoryID>Switch1</InventoryID>
        <TmNSManageableApps>
          <TmNSManageableApp ID="SwitchApp">
            <RoleID>Switch</RoleID>
            <LoggingLevel>Trace</LoggingLevel>
            <ConfigurationVersion>0.0.1</ConfigurationVersion>
            <TmNSNetworkDevice/>
          </TmNSManageableApp>
        </TmNSManageableApps>
        <NetworkInterface ID="Switch1IFace">
          <Name>Switch1IFace</Name>
          <InterfaceName>Switch1IFace</InterfaceName>
          <DHCPEnable>false</DHCPEnable>
          <IPAddress>192.168.0.254</IPAddress>
          <Netmask>255.255.255.0</Netmask>
          <Gateway>192.168.0.254</Gateway>
          <MACAddress>00:00:00:00:00:00</MACAddress>
          <PhysicalNetworkPort ID="Sw1PhyNetPort1">
            <Name>Sw1 Phy Net Port1</Name>
            <Medium>Copper</Medium>
            <PortNumber>1</PortNumber>
            <PortDataRate>
              <FloatValue>1e9</FloatValue>
              <SIUnits>BitPerSecond</SIUnits>
            </PortDataRate>
          </PhysicalNetworkPort>
          <PhysicalNetworkPort ID="Sw1PhyNetPort2">
            <Name>Sw1 Phy Net Port2</Name>
            <Medium>Copper</Medium>
            <PortNumber>2</PortNumber>
            <PortDataRate>
              <FloatValue>1e9</FloatValue>
              <SIUnits>BitPerSecond</SIUnits>
            </PortDataRate>
          </PhysicalNetworkPort>
          <PhysicalNetworkPort ID="Sw1PhyNetPort3">
            <Name>Sw1 Phy Net Port2</Name>
            <Medium>Copper</Medium>
            <PortNumber>3</PortNumber>
            <PortDataRate>
              <FloatValue>1e9</FloatValue>
              <SIUnits>BitPerSecond</SIUnits>
            </PortDataRate>
          </PhysicalNetworkPort>
          <PhysicalNetworkPort ID="Sw1PhyNetPort4">
            <Name>Sw1 Phy Net Port4</Name>
            <Medium>Copper</Medium>
            <PortNumber>4</PortNumber>
            <PortDataRate>
              <FloatValue>1e9</FloatValue>
              <SIUnits>BitPerSecond</SIUnits>
            </PortDataRate>
          </PhysicalNetworkPort>
        </NetworkInterface>
        <Ports>
          <Port ID="Switch1Port1">
            <Name>Switch1Port1</Name>
            <PortDirection>Bidirectional</PortDirection>
            <PhysicalNetworkPortRef IDREF="Sw1PhyNetPort1"/>
          </Port>
          <Port ID="Switch1Port2">
            <Name>Switch1Port2</Name>
            <PortDirection>Bidirectional</PortDirection>
            <PhysicalNetworkPortRef IDREF="Sw1PhyNetPort2"/>
          </Port>
          <Port ID="Switch1Port3">
            <Name>Switch1Port3</Name>
            <PortDirection>Bidirectional</PortDirection>
            <PhysicalNetworkPortRef IDREF="Sw1PhyNetPort3"/>
          </Port>
          <Port ID="Switch1Port4">
            <Name>Switch1Port4</Name>
            <PortDirection>Bidirectional</PortDirection>
            <PhysicalNetworkPortRef IDREF="Sw1PhyNetPort4"/>
          </Port>
        </Ports>
      </NetworkNode>
      <PortMappings>
        <PortMapping ID="PM1">
          <PortRef IDREF="SSTTxInputPort"/>
          <DataStreamRef IDREF="TMATS-PCM-SAMPLE"/>
        </PortMapping>
        <PortMapping ID="PM2">
          <PortRef IDREF="PCMGatewayInputPort"/>
          <DataStreamRef IDREF="TMATS-PCM-SAMPLE"/>
        </PortMapping>
        <PortMapping ID="PM3">
          <PortRef IDREF="SSTTxPort"/>
          <PortRef IDREF="Switch1Port2"/>
        </PortMapping>
        <PortMapping ID="PM4">
          <PortRef IDREF="PCMGatewayPort"/>
          <PortRef IDREF="Switch1Port3"/>
        </PortMapping>
        <PortMapping ID="PM5">
          <PortRef IDREF="RecorderPort"/>
          <PortRef IDREF="Switch1Port4"/>
        </PortMapping>
      </PortMappings>
    </Network>

    <Network ID="GroundNetworkID">
      <Name>Ground Network</Name>
      <Description>Ground Network</Description>
      <NetworkType>GroundNetwork</NetworkType>
      <NetworkServices/>

      <NetworkNode ID="SSTReceiver">
        <Name>SST Receiver</Name>
        <InventoryID>SST-RX-00010</InventoryID>
        <TmNSManageableApps>
          <TmNSManageableApp ID="SSTRxApp">
            <RoleID>TmNS-SSTRx-00010</RoleID>
            <LoggingLevel>Trace</LoggingLevel>
            <ConfigurationVersion>0.0.1</ConfigurationVersion>
            <TmNSNetworkDevice/>
            <TmNSSSTRx>
              <Channel ID="SSTRxAppChan1">
                <ChannelNumber>30</ChannelNumber>
                <CenterFrequency>
                  <FloatValue>1800e6</FloatValue>
                  <SIUnits>Hertz</SIUnits>
                </CenterFrequency>
              </Channel>
            </TmNSSSTRx>
          </TmNSManageableApp>
        </TmNSManageableApps>
        <NetworkInterface ID="SSTRxIFace">
          <Name>SSTRxIFace</Name>
          <InterfaceName>SSTRxIFace</InterfaceName>
          <DHCPEnable>false</DHCPEnable>
          <IPAddress>192.168.0.10</IPAddress>
          <Netmask>255.255.255.0</Netmask>
          <Gateway>192.168.0.1</Gateway>
          <MACAddress>00:00:00:00:00:00</MACAddress>
          <PhysicalNetworkPort ID="SSTRxPhyNetPort">
            <Name>SST Tx Phy Net Port</Name>
            <Medium>Copper</Medium>
            <PortNumber>1</PortNumber>
            <PortDataRate>
              <FloatValue>1e9</FloatValue>
              <SIUnits>BitPerSecond</SIUnits>
            </PortDataRate>
          </PhysicalNetworkPort>
        </NetworkInterface>
        <Ports>
          <Port ID="SSTRxPort">
            <Name>SSTRxPort</Name>
            <PortDirection>Bidirectional</PortDirection>
            <PhysicalNetworkPortRef IDREF="SSTRxPhyNetPort"/>
          </Port>
        </Ports>
      </NetworkNode>
    </Network>
    <N2NPortMapping ID="PM6">
      <Description>For simplicity of the example, this PortMapping represents the RF Network, Encryptors, 
      Routers, and Switches that connect the TA to the ground system.</Description>
      <PortRef IDREF="SSTRxPort"/>
      <PortRef IDREF="Switch1Port1"/>
    </N2NPortMapping>
  </NetworkDomains>

  <DSCPTable>
    <DSCPTableEntry ID="DiffservBestEffort">
      <Name>Best Effort Diffserv</Name>
      <Description>Best Effort PHB</Description>
      <DSCPValue>0b000000</DSCPValue>
    </DSCPTableEntry>
    <DSCPTableEntry ID="DiffservExpeditedForwarding">
      <Name>Expedited Forwarding Diffserv</Name>
      <Description>Expedited Forwarding PHB</Description>
      <DSCPValue>0b101110</DSCPValue>
    </DSCPTableEntry>
    <DSCPTableEntry ID="DiffservAssuredForwarding1">
      <Name>Assured Forwarding 1 Diffserv</Name>
      <Description>Assured Forwarding Class 1</Description>
      <DSCPValue>0b001000</DSCPValue>
    </DSCPTableEntry>
    <DSCPTableEntry ID="DiffservAssuredForwarding2">
      <Name>Assured Forwarding 2 Diffserv</Name>
      <Description>Assured Forwarding Class 2</Description>
      <DSCPValue>0b010000</DSCPValue>
    </DSCPTableEntry>
    <DSCPTableEntry ID="DiffservAssuredForwarding3">
      <Name>Assured Forwarding 3 Diffserv</Name>
      <Description>Assured Forwarding Class 3</Description>
      <DSCPValue>0b011000</DSCPValue>
    </DSCPTableEntry>
    <DSCPTableEntry ID="DiffservAssuredForwarding4">
      <Name>Assured Forwarding 4 Diffserv</Name>
      <Description>Assured Forwarding Class 4</Description>
      <DSCPValue>0b100000</DSCPValue>
    </DSCPTableEntry>
  </DSCPTable>
</MDLRoot>
