<?xml version="1.0" encoding="utf-8"?>
<MessageDefinitionDomains xmlns:xsi="http://www.w3.org/2001/XMLSchema-instance" 
                          xmlns="http://inetprogram.org/projects/MDL" 
                          xmlns:mdl="http://inetprogram.org/projects/MDL" 
                          xsi:schemaLocation="http://inetprogram.org/MDL_v0_8_2.xsd">
  <MessageDefinitionDomain>
    <Name>Standalone-Example</Name>
    <Description>This is a standalone MDL Instance Document that provides some of the baseline elements that may be used to build more complex MDL Instance Documents</Description>
    <TmNSVersion>0.0.1</TmNSVersion>
    <TmNSCompleteness>true</TmNSCompleteness>
    <TmNSCompletenessDescription>Complete</TmNSCompletenessDescription>
    <Units>
      <DerivedUnit ID="Bits16EU">
	<Name>Two Bytes</Name>
	<Description>16 binary digits (2 bytes)</Description>
	<UnitsNumerator>
	  <NumericalConstant>16</NumericalConstant>
	  <SIUnits>Bit</SIUnits>
	</UnitsNumerator>
      </DerivedUnit>
      <DerivedUnit ID="MilliSec">
	<Name>Milliseconds</Name>
	<Description>10^-3 seconds</Description>
	<Symbol>mSec</Symbol>
	<UnitsNumerator>
	  <NumericalConstant>1</NumericalConstant>
	  <SIUnits>Second</SIUnits>
	</UnitsNumerator>
	<UnitsDenominator>
	  <NumericalConstant>1000</NumericalConstant>
	  <SIUnits>Unitless</SIUnits>
	</UnitsDenominator>
      </DerivedUnit>
      <DerivedUnit ID="MicroSec">
	<Name>Microseconds</Name>
	<Description>10^-6 seconds</Description>
	<Symbol>uSec</Symbol>
	<UnitsNumerator>
	  <NumericalConstant>1</NumericalConstant>
	  <SIUnits>Second</SIUnits>
	</UnitsNumerator>
	<UnitsDenominator>
	  <NumericalConstant>1000000</NumericalConstant>
	  <SIUnits>Unitless</SIUnits>
	</UnitsDenominator>
      </DerivedUnit>
      <DerivedUnit ID="MbpsEU">
	<Name>Mega-bits per seconds</Name>
	<Description>rate - number of Mega-bits per second</Description>
	<Symbol>Mbps</Symbol>
	<UnitsNumerator>
	  <NumericalConstant>1000000</NumericalConstant>
	  <SIUnits>BitPerSecond</SIUnits>
	</UnitsNumerator>
      </DerivedUnit>
      <DerivedUnit ID="SecondsSI_Sq">
	<Name>seconds squared</Name>
	<Description>square seconds</Description>
	<Symbol>s^2</Symbol>
	<UnitsNumerator>
	  <NumericalConstant>1</NumericalConstant>
	  <SIUnits>Second</SIUnits>
	</UnitsNumerator>
	<UnitsNumerator>
	  <NumericalConstant>1</NumericalConstant>
	  <SIUnits>Second</SIUnits>
	</UnitsNumerator>
      </DerivedUnit>
      <DerivedUnit ID="FeetEU">
	<Name>Feet</Name>
	<UnitsNumerator>
	  <NumericalConstant>0.3048</NumericalConstant>
	  <SIUnits>Meter</SIUnits>
	</UnitsNumerator>
      </DerivedUnit>
      <DerivedUnit ID="CelsiusEU">
	<Name>Celsius</Name>
	<Description> unit of temperature, derived from Kelvin (K + 273) </Description>
	<Symbol>C</Symbol>
	<UnitsNumerator>
	  <NumericalConstant>1</NumericalConstant>
	  <SIUnits>Kelvin</SIUnits>
	</UnitsNumerator>
	<AddedConstant>273</AddedConstant>
      </DerivedUnit>
    </Units>
    <Packages/>
    <Messages/>
    <AvailableData/>
    <Operations/>
    <Networks/>
    <DSCPTable>
      <DSCPTableEntry ID="dscp0-b">
	<DSCPValue>0b000000</DSCPValue>
	<DSCPDescription>Best Effort</DSCPDescription>
      </DSCPTableEntry>
      <DSCPTableEntry ID="dscp1-b">
	<DSCPValue>0b101110</DSCPValue>
	<DSCPDescription>Expedited Forwarding</DSCPDescription>
      </DSCPTableEntry>
      <DSCPTableEntry ID="dscp2-b">
	<DSCPValue>0b001000</DSCPValue>
	<DSCPDescription>Assured Forwarding Class 1</DSCPDescription>
      </DSCPTableEntry>
      <DSCPTableEntry ID="dscp3-b">
	<DSCPValue>0b010000</DSCPValue>
	<DSCPDescription>Assured Forwarding Class 2</DSCPDescription>
      </DSCPTableEntry>
      <DSCPTableEntry ID="dscp4-b">
	<DSCPValue>0b011000</DSCPValue>
	<DSCPDescription>Assured Forwarding Class 3</DSCPDescription>
      </DSCPTableEntry>
      <DSCPTableEntry ID="dscp5-b">
	<DSCPValue>0b100000</DSCPValue>
	<DSCPDescription>Assured Forwarding Class 4</DSCPDescription>
      </DSCPTableEntry>
    </DSCPTable>
  </MessageDefinitionDomain>
</MessageDefinitionDomains>
