<?xml version="1.0" encoding="utf-8"?>
<MessageDefinitionDomains xmlns:xsi="http://www.w3.org/2001/XMLSchema-instance" 
                          xmlns="http://inetprogram.org/projects/MDL" 
                          xmlns:mdl="http://inetprogram.org/projects/MDL" 
                          xmlns:tmats="https://wsmrc2vger.wsmr.army.mil/rcc/manuals/106-11" 
                          xsi:schemaLocation="MDL_v0_8_4.xsd">
  <MessageDefinitionDomain>
    <Name>PCM with TMATS Example</Name>
    <TmNSVersion>0.0.1</TmNSVersion>
    <TmNSCompleteness>true</TmNSCompleteness>
    <TmNSCompletenessDescription>Complete</TmNSCompletenessDescription>
    <Units>
      <DerivedUnit ID="Bits16EU">
        <Name>Two Bytes</Name>
        <Description>16 binary digits (2 bytes)</Description>
        <Symbol>W16</Symbol>
        <UnitsNumerator>
          <NumericalConstant>16</NumericalConstant>
          <SIUnits>Bit</SIUnits>
        </UnitsNumerator>
      </DerivedUnit>
    </Units>
    <Measurements>
      <Measurement ID="PCMSampledMeas">
        <MeasurementID>0x0035987E</MeasurementID>
        <MeasurementType>DigitalBus</MeasurementType>
        <MeasurementActive>true</MeasurementActive>
        <Requirements>
          <PCMMeasurementRef NameRef="PairSetTableLookup"/>
        </Requirements>
      </Measurement>
    </Measurements>
    <Packages>
      <PackageDefinition ID="PCM_Ex1_Definition">
        <PackageDefinitionID>0x00001001</PackageDefinitionID>
        <StandardPackageHeader>true</StandardPackageHeader>
        <PackageHeaderDefinition>
          <PackageHeaderStructure>
            <PackageLengthField>
              <FixedPackageLength>
                <FlexValue>70</FlexValue>
                <UnitsRef IDREF="Bits16EU"/>
              </FixedPackageLength>
            </PackageLengthField>
          </PackageHeaderStructure>
        </PackageHeaderDefinition>
        <PackageStructureRef IDREF="PCM_Ex1_Major_Frame"/>
        <DataMap>
          <DataWordToFieldMap>
            <DataWord>
              <DataWordWidth>
                <FlexValue>32</FlexValue>
                <SIUnits>Bit</SIUnits>
              </DataWordWidth>
              <Syllable>
                <ConstantValue>0x40404040</ConstantValue>
              </Syllable>
            </DataWord>
            <PackageDataFieldRef IDREF="FrameSync_PDF"/>
            <TimeOrder>IncreasingTemporal</TimeOrder>
          </DataWordToFieldMap>
          <DataWordToFieldMap>
            <DataWord>
              <DataWordWidth>
                <FlexValue>16</FlexValue>
                <SIUnits>Bit</SIUnits>
              </DataWordWidth>
            </DataWord>
            <PackageDataFieldRef IDREF="SubframeID_PDF"/>
            <TimeOrder>IncreasingTemporal</TimeOrder>
          </DataWordToFieldMap>
        </DataMap>
        <AggregateRate>
          <AverageRate>1000</AverageRate>
          <PeakRate>2000</PeakRate>
          <SIUnits>Hertz</SIUnits>
        </AggregateRate>
      </PackageDefinition>
      <PackageDefinition ID="PCM_Ex2_Definition">
        <PackageDefinitionID>0x00002002</PackageDefinitionID>
        <StandardPackageHeader>true</StandardPackageHeader>
        <PackageHeaderDefinition>
          <PackageHeaderStructure>
            <PackageLengthField>
              <FixedPackageLength>
                <FlexValue>54</FlexValue>
                <UnitsRef IDREF="Bits16EU"/>
              </FixedPackageLength>
            </PackageLengthField>
          </PackageHeaderStructure>
        </PackageHeaderDefinition>
        <PackageStructureRef IDREF="PCM_Ex2_Major_Frame"/>
        <DataMap>
          <DataWordToFieldMap>
            <DataWord>
              <DataWordWidth>
                <FlexValue>2</FlexValue>
                <UnitsRef IDREF="Bits16EU"/>
              </DataWordWidth>
              <Syllable>
                <ConstantValue>0x3F3F3F3F</ConstantValue>
              </Syllable>
            </DataWord>
            <PackageDataFieldRef IDREF="FrameSync_PDF_2"/>
            <TimeOrder>IncreasingTemporal</TimeOrder>
          </DataWordToFieldMap>
          <DataWordToFieldMap>
            <DataWord>
              <DataWordWidth>
                <FlexValue>1</FlexValue>
                <UnitsRef IDREF="Bits16EU"/>
              </DataWordWidth>
            </DataWord>
            <PackageDataFieldRef IDREF="SubframeID_PDF_2"/>
            <TimeOrder>IncreasingTemporal</TimeOrder>
          </DataWordToFieldMap>
        </DataMap>
        <AggregateRate>
          <AverageRate>1000</AverageRate>
          <PeakRate>2000</PeakRate>
          <SIUnits>Hertz</SIUnits>
        </AggregateRate>
      </PackageDefinition>
      <PackageStructure ID="PCM_Ex1_Major_Frame">
        <Name>PCM Major Frame Example 1</Name>
        <Description>Description of PCM Major Frame # 1assuming a standard PackageHeader</Description>
        <PackageDataField ID="FrameSync_PDF">
          <Name>FrameSync</Name>
          <FieldLocation ID="FieldLoc1">
            <FieldOffset>
              <OffsetValue>
                <FlexValue>6</FlexValue>
                <UnitsRef IDREF="Bits16EU"/>
              </OffsetValue>
            </FieldOffset>
            <FieldWidth>
              <FlexValue>2</FlexValue>
              <UnitsRef IDREF="Bits16EU"/>
            </FieldWidth>
          </FieldLocation>
          <FieldEncoding>
            <Endianness>BigEndian</Endianness>
            <DigitalEncoding>UnsignedBinary</DigitalEncoding>
          </FieldEncoding>
          <FieldRepetitions>4</FieldRepetitions>
          <FieldOffsetIncrement>
            <FlexValue>14</FlexValue>
            <UnitsRef IDREF="Bits16EU"/>
          </FieldOffsetIncrement>
        </PackageDataField>
        <PackageDataField ID="SubframeID_PDF">
          <Name>SubFrameID</Name>
          <FieldLocation ID="FieldLoc2">
            <FieldOffset>
              <OffsetValue>
                <FlexValue>8</FlexValue>
                <UnitsRef IDREF="Bits16EU"/>
              </OffsetValue>
            </FieldOffset>
            <FieldWidth>
              <FlexValue>1</FlexValue>
              <UnitsRef IDREF="Bits16EU"/>
            </FieldWidth>
          </FieldLocation>
          <FieldEncoding>
            <Endianness>BigEndian</Endianness>
            <DigitalEncoding>UnsignedBinary</DigitalEncoding>
          </FieldEncoding>
          <FieldRepetitions>4</FieldRepetitions>
          <FieldOffsetIncrement>
            <FlexValue>15</FlexValue>
            <UnitsRef IDREF="Bits16EU"/>
          </FieldOffsetIncrement>
        </PackageDataField>
        <PackageDataField ID="PDF_C">
          <Name>PDF_C</Name>
          <FieldLocation ID="FieldLoc3">
            <FieldOffset>
              <OffsetValue>
                <FlexValue>11</FlexValue>
                <UnitsRef IDREF="Bits16EU"/>
              </OffsetValue>
            </FieldOffset>
            <FieldWidth>
              <FlexValue>1</FlexValue>
              <UnitsRef IDREF="Bits16EU"/>
            </FieldWidth>
          </FieldLocation>
          <FieldEncoding>
            <Endianness>BigEndian</Endianness>
            <DigitalEncoding>Two'sComplement</DigitalEncoding>
          </FieldEncoding>
          <FieldRepetitions>1</FieldRepetitions>
        </PackageDataField>
        <PackageDataField ID="PDF_D">
          <Name>PDF_D</Name>
          <FieldLocation ID="FieldLoc4">
            <FieldOffset>
              <OffsetValue>
                <FlexValue>12</FlexValue>
                <UnitsRef IDREF="Bits16EU"/>
              </OffsetValue>
            </FieldOffset>
            <FieldWidth>
              <FlexValue>1</FlexValue>
              <UnitsRef IDREF="Bits16EU"/>
            </FieldWidth>
          </FieldLocation>
          <FieldEncoding>
            <Endianness>BigEndian</Endianness>
            <DigitalEncoding>Two'sComplement</DigitalEncoding>
          </FieldEncoding>
          <FieldRepetitions>4</FieldRepetitions>
          <FieldOffsetIncrement>
            <FlexValue>15</FlexValue>
            <UnitsRef IDREF="Bits16EU"/>
          </FieldOffsetIncrement>
        </PackageDataField>
        <PackageDataField ID="PDF_G">
          <Name>PDF_G</Name>
          <FieldLocation ID="FieldLoc5">
            <FieldOffset>
              <OffsetValue>
                <FlexValue>15</FlexValue>
                <UnitsRef IDREF="Bits16EU"/>
              </OffsetValue>
            </FieldOffset>
            <FieldWidth>
              <FlexValue>1</FlexValue>
              <UnitsRef IDREF="Bits16EU"/>
            </FieldWidth>
          </FieldLocation>
          <FieldEncoding>
            <Endianness>BigEndian</Endianness>
            <DigitalEncoding>Two'sComplement</DigitalEncoding>
          </FieldEncoding>
          <FieldRepetitions>1</FieldRepetitions>
        </PackageDataField>
        <PackageDataField ID="PDF_H">
          <Name>PDF_H</Name>
          <FieldLocation ID="FieldLoc6">
            <FieldOffset>
              <OffsetValue>
                <FlexValue>18</FlexValue>
                <UnitsRef IDREF="Bits16EU"/>
              </OffsetValue>
            </FieldOffset>
            <FieldWidth>
              <FlexValue>1</FlexValue>
              <UnitsRef IDREF="Bits16EU"/>
            </FieldWidth>
          </FieldLocation>
          <FieldEncoding>
            <Endianness>BigEndian</Endianness>
            <DigitalEncoding>Two'sComplement</DigitalEncoding>
          </FieldEncoding>
          <FieldRepetitions>4</FieldRepetitions>
          <FieldOffsetIncrement>
            <FlexValue>15</FlexValue>
            <UnitsRef IDREF="Bits16EU"/>
          </FieldOffsetIncrement>
        </PackageDataField>
        <PackageDataFieldSet ID="PDF_A">
          <PackageDataField ID="PDF_A_W2">
            <Name>PDF_A</Name>
            <FieldLocation ID="FieldLoc7">
              <FieldOffset>
                <OffsetValue>
                  <FlexValue>9</FlexValue>
                  <UnitsRef IDREF="Bits16EU"/>
                </OffsetValue>
              </FieldOffset>
              <FieldWidth>
                <FlexValue>1</FlexValue>
                <UnitsRef IDREF="Bits16EU"/>
              </FieldWidth>
            </FieldLocation>
            <FieldEncoding>
              <Endianness>BigEndian</Endianness>
              <DigitalEncoding>Two'sComplement</DigitalEncoding>
            </FieldEncoding>
            <FieldRepetitions>2</FieldRepetitions>
            <FieldOffsetIncrement>
              <FlexValue>31</FlexValue>
              <UnitsRef IDREF="Bits16EU"/>
            </FieldOffsetIncrement>
          </PackageDataField>
          <PackageDataField ID="PDF_A_W9">
            <Name>PDF_A</Name>
            <FieldLocation ID="FieldLoc8">
              <FieldOffset>
                <OffsetValue>
                  <FlexValue>16</FlexValue>
                  <UnitsRef IDREF="Bits16EU"/>
                </OffsetValue>
              </FieldOffset>
              <FieldWidth>
                <FlexValue>1</FlexValue>
                <UnitsRef IDREF="Bits16EU"/>
              </FieldWidth>
            </FieldLocation>
            <FieldEncoding>
              <Endianness>BigEndian</Endianness>
              <DigitalEncoding>Two'sComplement</DigitalEncoding>
            </FieldEncoding>
            <FieldRepetitions>2</FieldRepetitions>
            <FieldOffsetIncrement>
              <FlexValue>31</FlexValue>
              <UnitsRef IDREF="Bits16EU"/>
            </FieldOffsetIncrement>
          </PackageDataField>
        </PackageDataFieldSet>
        <PackageDataFieldSet ID="PDF_E">
          <PackageDataField ID="PDF_E_W6">
            <Name>PDF_E</Name>
            <FieldLocation ID="FieldLoc9">
              <FieldOffset>
                <OffsetValue>
                  <FlexValue>13</FlexValue>
                  <UnitsRef IDREF="Bits16EU"/>
                </OffsetValue>
              </FieldOffset>
              <FieldWidth>
                <FlexValue>1</FlexValue>
                <UnitsRef IDREF="Bits16EU"/>
              </FieldWidth>
            </FieldLocation>
            <FieldEncoding>
              <Endianness>BigEndian</Endianness>
              <DigitalEncoding>Two'sComplement</DigitalEncoding>
            </FieldEncoding>
            <FieldRepetitions>4</FieldRepetitions>
            <FieldOffsetIncrement>
              <FlexValue>15</FlexValue>
              <UnitsRef IDREF="Bits16EU"/>
            </FieldOffsetIncrement>
          </PackageDataField>
          <PackageDataField ID="PDF_E_W13">
            <Name>PDF_E</Name>
            <FieldLocation ID="FieldLoc10">
              <FieldOffset>
                <OffsetValue>
                  <FlexValue>20</FlexValue>
                  <UnitsRef IDREF="Bits16EU"/>
                </OffsetValue>
              </FieldOffset>
              <FieldWidth>
                <FlexValue>1</FlexValue>
                <UnitsRef IDREF="Bits16EU"/>
              </FieldWidth>
            </FieldLocation>
            <FieldEncoding>
              <Endianness>BigEndian</Endianness>
              <DigitalEncoding>Two'sComplement</DigitalEncoding>
            </FieldEncoding>
            <FieldRepetitions>4</FieldRepetitions>
            <FieldOffsetIncrement>
              <FlexValue>15</FlexValue>
              <UnitsRef IDREF="Bits16EU"/>
            </FieldOffsetIncrement>
          </PackageDataField>
        </PackageDataFieldSet>
        <PackageDataFieldSet ID="PDF_F">
          <PackageDataField ID="PDF_F_W7">
            <Name>PDF_F</Name>
            <FieldLocation ID="FieldLoc11">
              <FieldOffset>
                <OffsetValue>
                  <FlexValue>14</FlexValue>
                  <UnitsRef IDREF="Bits16EU"/>
                </OffsetValue>
              </FieldOffset>
              <FieldWidth>
                <FlexValue>1</FlexValue>
                <UnitsRef IDREF="Bits16EU"/>
              </FieldWidth>
            </FieldLocation>
            <FieldEncoding>
              <Endianness>BigEndian</Endianness>
              <DigitalEncoding>UnsignedBinary</DigitalEncoding>
            </FieldEncoding>
            <FieldRepetitions>4</FieldRepetitions>
            <FieldOffsetIncrement>
              <FlexValue>15</FlexValue>
              <UnitsRef IDREF="Bits16EU"/>
            </FieldOffsetIncrement>
          </PackageDataField>
          <PackageDataField ID="PDF_F_W14">
            <Name>PDF_F</Name>
            <FieldLocation ID="FieldLoc12">
              <FieldOffset>
                <OffsetValue>
                  <FlexValue>21</FlexValue>
                  <UnitsRef IDREF="Bits16EU"/>
                </OffsetValue>
              </FieldOffset>
              <FieldWidth>
                <FlexValue>1</FlexValue>
                <UnitsRef IDREF="Bits16EU"/>
              </FieldWidth>
            </FieldLocation>
            <FieldEncoding>
              <Endianness>BigEndian</Endianness>
              <DigitalEncoding>UnsignedBinary</DigitalEncoding>
            </FieldEncoding>
            <FieldRepetitions>4</FieldRepetitions>
            <FieldOffsetIncrement>
              <FlexValue>15</FlexValue>
              <UnitsRef IDREF="Bits16EU"/>
            </FieldOffsetIncrement>
          </PackageDataField>
        </PackageDataFieldSet>
        <PackageDataFieldSet ID="PDF_B">
          <PackageDataField ID="PDF_B_W3">
            <Name>PDF_B</Name>
            <FieldLocation ID="FieldLoc13">
              <FieldOffset>
                <OffsetValue>
                  <FlexValue>26</FlexValue>
                  <UnitsRef IDREF="Bits16EU"/>
                </OffsetValue>
              </FieldOffset>
              <FieldWidth>
                <FlexValue>1</FlexValue>
                <UnitsRef IDREF="Bits16EU"/>
              </FieldWidth>
            </FieldLocation>
            <FieldEncoding>
              <Endianness>BigEndian</Endianness>
              <DigitalEncoding>Two'sComplement</DigitalEncoding>
            </FieldEncoding>
            <FieldRepetitions>2</FieldRepetitions>
            <FieldOffsetIncrement>
              <FlexValue>31</FlexValue>
              <UnitsRef IDREF="Bits16EU"/>
            </FieldOffsetIncrement>
          </PackageDataField>
          <PackageDataField ID="PDF_B_W10">
            <Name>PDF_B</Name>
            <FieldLocation ID="FieldLoc14">
              <FieldOffset>
                <OffsetValue>
                  <FlexValue>33</FlexValue>
                  <UnitsRef IDREF="Bits16EU"/>
                </OffsetValue>
              </FieldOffset>
              <FieldWidth>
                <FlexValue>1</FlexValue>
                <UnitsRef IDREF="Bits16EU"/>
              </FieldWidth>
            </FieldLocation>
            <FieldEncoding>
              <Endianness>BigEndian</Endianness>
              <DigitalEncoding>Two'sComplement</DigitalEncoding>
            </FieldEncoding>
            <FieldRepetitions>2</FieldRepetitions>
            <FieldOffsetIncrement>
              <FlexValue>31</FlexValue>
              <UnitsRef IDREF="Bits16EU"/>
            </FieldOffsetIncrement>
          </PackageDataField>
        </PackageDataFieldSet>
      </PackageStructure>
      <PackageStructure ID="PCM_Ex2_Major_Frame">
        <Name>PCM Major Frame Example 2</Name>
        <Description>Description of PCM Major Frame #2 assuming a standard PackageHeader</Description>
        <PackageDataField ID="FrameSync_PDF_2">
          <Name>FrameSync</Name>
          <FieldLocation ID="FieldLoc15">
            <FieldOffset>
              <OffsetValue>
                <FlexValue>6</FlexValue>
                <UnitsRef IDREF="Bits16EU"/>
              </OffsetValue>
            </FieldOffset>
            <FieldWidth>
              <FlexValue>2</FlexValue>
              <UnitsRef IDREF="Bits16EU"/>
            </FieldWidth>
          </FieldLocation>
          <FieldEncoding>
            <Endianness>BigEndian</Endianness>
            <DigitalEncoding>UnsignedBinary</DigitalEncoding>
          </FieldEncoding>
          <FieldRepetitions>3</FieldRepetitions>
          <FieldOffsetIncrement>
            <FlexValue>14</FlexValue>
            <UnitsRef IDREF="Bits16EU"/>
          </FieldOffsetIncrement>
        </PackageDataField>
        <PackageDataField ID="SubframeID_PDF_2">
          <Name>SubFrameID</Name>
          <FieldLocation ID="FieldLoc16">
            <FieldOffset>
              <OffsetValue>
                <FlexValue>8</FlexValue>
                <UnitsRef IDREF="Bits16EU"/>
              </OffsetValue>
            </FieldOffset>
            <FieldWidth>
              <FlexValue>1</FlexValue>
              <UnitsRef IDREF="Bits16EU"/>
            </FieldWidth>
          </FieldLocation>
          <FieldEncoding>
            <Endianness>BigEndian</Endianness>
            <DigitalEncoding>UnsignedBinary</DigitalEncoding>
          </FieldEncoding>
          <FieldRepetitions>3</FieldRepetitions>
          <FieldOffsetIncrement>
            <FlexValue>15</FlexValue>
            <UnitsRef IDREF="Bits16EU"/>
          </FieldOffsetIncrement>
        </PackageDataField>
        <PackageDataField ID="PDF_O">
          <Name>PDF_O</Name>
          <FieldLocation ID="FieldLoc17">
            <FieldOffset>
              <OffsetValue>
                <FlexValue>30</FlexValue>
                <UnitsRef IDREF="Bits16EU"/>
              </OffsetValue>
            </FieldOffset>
            <FieldWidth>
              <FlexValue>3</FlexValue>
              <UnitsRef IDREF="Bits16EU"/>
            </FieldWidth>
          </FieldLocation>
          <FieldEncoding>
            <Endianness>BigEndian</Endianness>
            <DigitalEncoding>Two'sComplement</DigitalEncoding>
          </FieldEncoding>
          <FieldRepetitions>1</FieldRepetitions>
        </PackageDataField>
        <PackageDataField ID="PDF_P">
          <Name>PDF_P</Name>
          <FieldLocation ID="FieldLoc18">
            <FieldOffset>
              <OffsetValue>
                <FlexValue>21</FlexValue>
                <UnitsRef IDREF="Bits16EU"/>
              </OffsetValue>
            </FieldOffset>
            <FieldWidth>
              <FlexValue>1</FlexValue>
              <UnitsRef IDREF="Bits16EU"/>
            </FieldWidth>
          </FieldLocation>
          <FieldEncoding>
            <Endianness>BigEndian</Endianness>
            <DigitalEncoding>Two'sComplement</DigitalEncoding>
          </FieldEncoding>
          <FieldRepetitions>2</FieldRepetitions>
          <FieldOffsetIncrement>
            <FlexValue>31</FlexValue>
            <UnitsRef IDREF="Bits16EU"/>
          </FieldOffsetIncrement>
        </PackageDataField>
        <PackageDataFieldSet ID="PDF_M">
          <PackageDataField ID="PDF_M_W2">
            <Name>PDF_M</Name>
            <FieldLocation ID="FieldLoc19">
              <FieldOffset>
                <OffsetValue>
                  <FlexValue>9</FlexValue>
                  <UnitsRef IDREF="Bits16EU"/>
                </OffsetValue>
              </FieldOffset>
              <FieldWidth>
                <FlexValue>1</FlexValue>
                <UnitsRef IDREF="Bits16EU"/>
              </FieldWidth>
            </FieldLocation>
            <FieldEncoding>
              <Endianness>BigEndian</Endianness>
              <DigitalEncoding>Two'sComplement</DigitalEncoding>
            </FieldEncoding>
            <FieldRepetitions>2</FieldRepetitions>
            <FieldOffsetIncrement>
              <FlexValue>31</FlexValue>
              <UnitsRef IDREF="Bits16EU"/>
            </FieldOffsetIncrement>
          </PackageDataField>
          <PackageDataField ID="PDF_M_W9">
            <Name>PDF_M</Name>
            <FieldLocation ID="FieldLoc20">
              <FieldOffset>
                <OffsetValue>
                  <FlexValue>16</FlexValue>
                  <UnitsRef IDREF="Bits16EU"/>
                </OffsetValue>
              </FieldOffset>
              <FieldWidth>
                <FlexValue>1</FlexValue>
                <UnitsRef IDREF="Bits16EU"/>
              </FieldWidth>
            </FieldLocation>
            <FieldEncoding>
              <Endianness>BigEndian</Endianness>
              <DigitalEncoding>Two'sComplement</DigitalEncoding>
            </FieldEncoding>
            <FieldRepetitions>2</FieldRepetitions>
            <FieldOffsetIncrement>
              <FlexValue>31</FlexValue>
              <UnitsRef IDREF="Bits16EU"/>
            </FieldOffsetIncrement>
          </PackageDataField>
        </PackageDataFieldSet>
        <PackageDataFieldSet ID="PDF_N">
          <PackageDataField ID="PDF_N_W3">
            <Name>PDF_N</Name>
            <FieldLocation ID="FieldLoc21">
              <FieldOffset>
                <OffsetValue>
                  <FlexValue>10</FlexValue>
                  <UnitsRef IDREF="Bits16EU"/>
                </OffsetValue>
              </FieldOffset>
              <FieldWidth>
                <FlexValue>1</FlexValue>
                <UnitsRef IDREF="Bits16EU"/>
              </FieldWidth>
            </FieldLocation>
            <FieldEncoding>
              <Endianness>BigEndian</Endianness>
              <DigitalEncoding>Two'sComplement</DigitalEncoding>
            </FieldEncoding>
            <FieldRepetitions>2</FieldRepetitions>
            <FieldOffsetIncrement>
              <FlexValue>31</FlexValue>
              <UnitsRef IDREF="Bits16EU"/>
            </FieldOffsetIncrement>
          </PackageDataField>
          <PackageDataField ID="PDF_N_W10">
            <Name>PDF_N</Name>
            <FieldLocation ID="FieldLoc22">
              <FieldOffset>
                <OffsetValue>
                  <FlexValue>17</FlexValue>
                  <UnitsRef IDREF="Bits16EU"/>
                </OffsetValue>
              </FieldOffset>
              <FieldWidth>
                <FlexValue>1</FlexValue>
                <UnitsRef IDREF="Bits16EU"/>
              </FieldWidth>
            </FieldLocation>
            <FieldEncoding>
              <Endianness>BigEndian</Endianness>
              <DigitalEncoding>Two'sComplement</DigitalEncoding>
            </FieldEncoding>
            <FieldRepetitions>2</FieldRepetitions>
            <FieldOffsetIncrement>
              <FlexValue>31</FlexValue>
              <UnitsRef IDREF="Bits16EU"/>
            </FieldOffsetIncrement>
          </PackageDataField>
        </PackageDataFieldSet>
      </PackageStructure>
    </Packages>
    <Messages>
      <MessageDefinition ID="PCM_Ex1_Message">
        <MessageDefinitionID>0x00010001</MessageDefinitionID>
        <DSCPTableEntryRef IDREF="dscp-af1"/>
        <TransportAttributesRef IDREF="transport100001"/>
        <AggregateRate>
          <AverageRate>1000</AverageRate>
          <PeakRate>2000</PeakRate>
          <SIUnits>Hertz</SIUnits>
        </AggregateRate>
        <MaximumMessageLength>
          <FlexValue>500</FlexValue>
          <UnitsRef IDREF="Bits16EU"/>
        </MaximumMessageLength>
        <MaximumMessageLatency>
          <FloatValue>3</FloatValue>
          <SIUnits>Second</SIUnits>
        </MaximumMessageLatency>
        <FixedPackageOrder>true</FixedPackageOrder>
        <FixedNumberOfPackages>false</FixedNumberOfPackages>
        <PackageInstance Index="1">
          <PackageDefinitionRef IDREF="PCM_Ex1_Definition"/>
        </PackageInstance>
      </MessageDefinition>
      <MessageDefinition ID="PCM_Ex2_Message">
        <MessageDefinitionID>0x00020002</MessageDefinitionID>
        <DSCPTableEntryRef IDREF="dscp-af2"/>
        <TransportAttributesRef IDREF="transport100002"/>
        <AggregateRate>
          <AverageRate>1000</AverageRate>
          <PeakRate>2000</PeakRate>
          <SIUnits>Hertz</SIUnits>
        </AggregateRate>
        <MaximumMessageLength>
          <FlexValue>500</FlexValue>
          <UnitsRef IDREF="Bits16EU"/>
        </MaximumMessageLength>
        <MaximumMessageLatency>
          <FloatValue>3</FloatValue>
          <SIUnits>Second</SIUnits>
        </MaximumMessageLatency>
        <FixedPackageOrder>true</FixedPackageOrder>
        <FixedNumberOfPackages>false</FixedNumberOfPackages>
        <PackageInstance Index="1">
          <PackageDefinitionRef IDREF="PCM_Ex2_Definition"/>
        </PackageInstance>
      </MessageDefinition>
      <MessageDefinition ID="PCM_Ex3_Message">
        <MessageDefinitionID>0x00030003</MessageDefinitionID>
        <DSCPTableEntryRef IDREF="dscp-af2"/>
        <TransportAttributesRef IDREF="transport100003"/>
        <AggregateRate>
          <AverageRate>1000</AverageRate>
          <PeakRate>2000</PeakRate>
          <SIUnits>Hertz</SIUnits>
        </AggregateRate>
        <MaximumMessageLength>
          <FlexValue>144</FlexValue>
          <UnitsRef IDREF="Bits16EU"/>
        </MaximumMessageLength>
        <MaximumMessageLatency>
          <FloatValue>3</FloatValue>
          <SIUnits>Second</SIUnits>
        </MaximumMessageLatency>
        <FixedMessageLength>
          <FlexValue>144</FlexValue>
          <UnitsRef IDREF="Bits16EU"/>
        </FixedMessageLength>
        <FixedPackageOrder>true</FixedPackageOrder>
        <FixedNumberOfPackages>true</FixedNumberOfPackages>
        <PackageInstance Index="1">
          <PackageDefinitionRef IDREF="PCM_Ex1_Definition"/>
        </PackageInstance>
        <PackageInstance Index="2">
          <PackageDefinitionRef IDREF="PCM_Ex2_Definition"/>
        </PackageInstance>
      </MessageDefinition>
    </Messages>
    <AvailableData>
      <TransportAttributesDescriptions>
        <TransportAttributes ID="transport100001">
          <ServiceType>LTC</ServiceType>
          <TransportType>UDP</TransportType>
          <DestinationIP>239.255.0.1</DestinationIP>
          <DestinationPort>55551</DestinationPort>
          <SourceNetworkInterface IDREF="NI_1"/>
          <SinkNetworkInterface IDREF="NI_2"/>
        </TransportAttributes>
        <TransportAttributes ID="transport100002">
          <ServiceType>LTC</ServiceType>
          <TransportType>UDP</TransportType>
          <DestinationIP>239.255.0.2</DestinationIP>
          <DestinationPort>55551</DestinationPort>
          <SourceNetworkInterface IDREF="NI_1"/>
          <SinkNetworkInterface IDREF="NI_2"/>
        </TransportAttributes>
        <TransportAttributes ID="transport100003">
          <ServiceType>LTC</ServiceType>
          <TransportType>UDP</TransportType>
          <DestinationIP>239.255.0.3</DestinationIP>
          <DestinationPort>55551</DestinationPort>
          <SourceNetworkInterface IDREF="NI_1"/>
          <SinkNetworkInterface IDREF="NI_2"/>
        </TransportAttributes>
        <TransportAttributes ID="transport100004">
          <ServiceType>RC</ServiceType>
          <TransportType>TCP</TransportType>
          <DestinationIP>192.168.0.50</DestinationIP>
          <DestinationPort>55556</DestinationPort>
          <SourceNetworkInterface IDREF="NI_2"/>
        </TransportAttributes>
      </TransportAttributesDescriptions>
      <DataStreamDescriptions>
        <DataStream ID="TMATS-PCM-SAMPLE">
          <DataStreamID>TMATS Sample</DataStreamID>
          <DataStreamType>PCMStream</DataStreamType>
          <PCMDataLink ID="PCMStream1">

            <!-- P Group -->
            <PCMFormatAttributes>
              <tmats:InputData>
                <tmats:PCMCode>NRZ-L</tmats:PCMCode>
                <tmats:BitRate>100000</tmats:BitRate>
                <tmats:Encrypted>Encrypted</tmats:Encrypted>
                <tmats:Polarity>Inverted</tmats:Polarity>
                <tmats:AutoPolarityCorrection>Yes</tmats:AutoPolarityCorrection>
                <tmats:DataDirection>Normal</tmats:DataDirection>
                <tmats:DataRandomized>Yes</tmats:DataRandomized>
                <tmats:RandomizerLength>Not Applicable</tmats:RandomizerLength>
              </tmats:InputData>
              <tmats:Format>
                <tmats:TypeFormat>Class 1</tmats:TypeFormat>
                <tmats:CommonWordLength>12</tmats:CommonWordLength>
                <tmats:WordTransferOrder>LSB First</tmats:WordTransferOrder>
                <tmats:Parity>Odd</tmats:Parity>
                <tmats:ParityTransferOrder>Leads Word</tmats:ParityTransferOrder>
                <tmats:MinorFrame>
                  <tmats:NumberOfMinorFrames>15</tmats:NumberOfMinorFrames>
                  <tmats:WordsPerMinorFrame>25</tmats:WordsPerMinorFrame>
                  <tmats:BitsPerMinorFrame>320</tmats:BitsPerMinorFrame>
                  <tmats:SyncType>Fixed Pattern</tmats:SyncType>
                  <tmats:SyncPattern>11111110011010110010100001000000</tmats:SyncPattern>
                </tmats:MinorFrame>
              </tmats:Format>
              <tmats:SyncCriteria>
                <tmats:InSync>
                  <tmats:Criteria>Not Specified</tmats:Criteria>
                  <tmats:NumberOfFSPBits>0</tmats:NumberOfFSPBits>
                </tmats:InSync>
                <tmats:OutOfSync>
                  <tmats:NumberOfDisagrees>Not Specified</tmats:NumberOfDisagrees>
                  <tmats:NumberOfFSPBits>0</tmats:NumberOfFSPBits>
                </tmats:OutOfSync>
              </tmats:SyncCriteria>
              <tmats:Comments>Sample PCM Comment</tmats:Comments>

              <!-- D Group -->
              <tmats:PCMMeasurements>
                <tmats:MeasurementList Name="Measurement List">
                  <tmats:Measurement Name="PairSetTableLookup">
                    <tmats:Length>12</tmats:Length>
                    <tmats:Parity>Even</tmats:Parity>
                    <tmats:ParityTransferOrder>Default</tmats:ParityTransferOrder>
                    <tmats:MeasurementTransferOrder>MSB First</tmats:MeasurementTransferOrder>
                    <tmats:LocationType>Word and Frame</tmats:LocationType>
                    <tmats:WordAndFrame>
                      <tmats:MeasurementLocation>
                        <tmats:MeasurementFragments FragmentTransferOrder="MSB First">
                          <tmats:StartWord>1</tmats:StartWord>
                          <tmats:WordInterval>0</tmats:WordInterval>
                          <tmats:EndWord>1</tmats:EndWord>
                          <tmats:StartFrame>1</tmats:StartFrame>
                          <tmats:FrameInterval>1</tmats:FrameInterval>
                          <tmats:EndFrame>15</tmats:EndFrame>
                          <tmats:BitMask>111111111111</tmats:BitMask>
                        </tmats:MeasurementFragments>
                      </tmats:MeasurementLocation>
                    </tmats:WordAndFrame>
                  </tmats:Measurement>
                  <tmats:Measurement Name="PairSetCurve">
                    <tmats:Length>12</tmats:Length>
                    <tmats:Parity>Even</tmats:Parity>
                    <tmats:ParityTransferOrder>Default</tmats:ParityTransferOrder>
                    <tmats:MeasurementTransferOrder>MSB First</tmats:MeasurementTransferOrder>
                    <tmats:LocationType>Word and Frame</tmats:LocationType>
                    <tmats:WordAndFrame>
                      <tmats:MeasurementLocation>
                        <tmats:MeasurementFragments FragmentTransferOrder="MSB First">
                          <tmats:StartWord>2</tmats:StartWord>
                          <tmats:WordInterval>0</tmats:WordInterval>
                          <tmats:EndWord>2</tmats:EndWord>
                          <tmats:StartFrame>1</tmats:StartFrame>
                          <tmats:FrameInterval>1</tmats:FrameInterval>
                          <tmats:EndFrame>15</tmats:EndFrame>
                          <tmats:BitMask>111111111111</tmats:BitMask>
                        </tmats:MeasurementFragments>
                      </tmats:MeasurementLocation>
                    </tmats:WordAndFrame>
                  </tmats:Measurement>
                  <tmats:Measurement Name="Coefficients">
                    <tmats:Length>12</tmats:Length>
                    <tmats:Parity>Even</tmats:Parity>
                    <tmats:ParityTransferOrder>Default</tmats:ParityTransferOrder>
                    <tmats:MeasurementTransferOrder>MSB First</tmats:MeasurementTransferOrder>
                    <tmats:LocationType>Word and Frame</tmats:LocationType>
                    <tmats:WordAndFrame>
                      <tmats:MeasurementLocation>
                        <tmats:MeasurementFragments FragmentTransferOrder="MSB First">
                          <tmats:StartWord>3</tmats:StartWord>
                          <tmats:WordInterval>0</tmats:WordInterval>
                          <tmats:EndWord>3</tmats:EndWord>
                          <tmats:StartFrame>1</tmats:StartFrame>
                          <tmats:FrameInterval>1</tmats:FrameInterval>
                          <tmats:EndFrame>15</tmats:EndFrame>
                          <tmats:BitMask>111111000000</tmats:BitMask>
                        </tmats:MeasurementFragments>
                      </tmats:MeasurementLocation>
                    </tmats:WordAndFrame>
                  </tmats:Measurement>
                  <tmats:Measurement Name="Discrete">
                    <tmats:Length>12</tmats:Length>
                    <tmats:Parity>Even</tmats:Parity>
                    <tmats:ParityTransferOrder>Default</tmats:ParityTransferOrder>
                    <tmats:MeasurementTransferOrder>MSB First</tmats:MeasurementTransferOrder>
                    <tmats:LocationType>Word and Frame</tmats:LocationType>
                    <tmats:WordAndFrame>
                      <tmats:MeasurementLocation>
                        <tmats:MeasurementFragments FragmentTransferOrder="MSB First">
                          <tmats:StartWord>4</tmats:StartWord>
                          <tmats:WordInterval>0</tmats:WordInterval>
                          <tmats:EndWord>4</tmats:EndWord>
                          <tmats:StartFrame>1</tmats:StartFrame>
                          <tmats:FrameInterval>1</tmats:FrameInterval>
                          <tmats:EndFrame>15</tmats:EndFrame>
                          <tmats:BitMask>111111111111</tmats:BitMask>
                        </tmats:MeasurementFragments>
                      </tmats:MeasurementLocation>
                    </tmats:WordAndFrame>
                  </tmats:Measurement>
                  <tmats:Measurement Name="None">
                    <tmats:Length>12</tmats:Length>
                    <tmats:Parity>Even</tmats:Parity>
                    <tmats:ParityTransferOrder>Default</tmats:ParityTransferOrder>
                    <tmats:MeasurementTransferOrder>MSB First</tmats:MeasurementTransferOrder>
                    <tmats:LocationType>Word and Frame</tmats:LocationType>
                    <tmats:WordAndFrame>
                      <tmats:MeasurementLocation>
                        <tmats:MeasurementFragments FragmentTransferOrder="MSB First">
                          <tmats:StartWord>5</tmats:StartWord>
                          <tmats:WordInterval>0</tmats:WordInterval>
                          <tmats:EndWord>5</tmats:EndWord>
                          <tmats:StartFrame>1</tmats:StartFrame>
                          <tmats:FrameInterval>1</tmats:FrameInterval>
                          <tmats:EndFrame>15</tmats:EndFrame>
                          <tmats:BitMask>111111111111</tmats:BitMask>
                        </tmats:MeasurementFragments>
                      </tmats:MeasurementLocation>
                    </tmats:WordAndFrame>
                  </tmats:Measurement>
                  <tmats:Measurement Name="BTM">
                    <tmats:Length>12</tmats:Length>
                    <tmats:Parity>Even</tmats:Parity>
                    <tmats:ParityTransferOrder>Default</tmats:ParityTransferOrder>
                    <tmats:MeasurementTransferOrder>MSB First</tmats:MeasurementTransferOrder>
                    <tmats:LocationType>Word and Frame</tmats:LocationType>
                    <tmats:WordAndFrame>
                      <tmats:MeasurementLocation>
                        <tmats:MeasurementFragments FragmentTransferOrder="MSB First">
                          <tmats:StartWord>6</tmats:StartWord>
                          <tmats:WordInterval>0</tmats:WordInterval>
                          <tmats:EndWord>6</tmats:EndWord>
                          <tmats:StartFrame>1</tmats:StartFrame>
                          <tmats:FrameInterval>1</tmats:FrameInterval>
                          <tmats:EndFrame>15</tmats:EndFrame>
                          <tmats:BitMask>111111111111</tmats:BitMask>
                        </tmats:MeasurementFragments>
                      </tmats:MeasurementLocation>
                    </tmats:WordAndFrame>
                  </tmats:Measurement>
                  <tmats:Measurement Name="PTM">
                    <tmats:Length>12</tmats:Length>
                    <tmats:Parity>Even</tmats:Parity>
                    <tmats:ParityTransferOrder>Default</tmats:ParityTransferOrder>
                    <tmats:MeasurementTransferOrder>MSB First</tmats:MeasurementTransferOrder>
                    <tmats:LocationType>Word and Frame</tmats:LocationType>
                    <tmats:WordAndFrame>
                      <tmats:MeasurementLocation>
                        <tmats:MeasurementFragments FragmentTransferOrder="MSB First">
                          <tmats:StartWord>7</tmats:StartWord>
                          <tmats:WordInterval>0</tmats:WordInterval>
                          <tmats:EndWord>7</tmats:EndWord>
                          <tmats:StartFrame>1</tmats:StartFrame>
                          <tmats:FrameInterval>1</tmats:FrameInterval>
                          <tmats:EndFrame>15</tmats:EndFrame>
                          <tmats:BitMask>111111111111</tmats:BitMask>
                        </tmats:MeasurementFragments>
                      </tmats:MeasurementLocation>
                    </tmats:WordAndFrame>
                  </tmats:Measurement>
                  <tmats:Measurement Name="NPC">
                    <tmats:Length>12</tmats:Length>
                    <tmats:Parity>Even</tmats:Parity>
                    <tmats:ParityTransferOrder>Default</tmats:ParityTransferOrder>
                    <tmats:MeasurementTransferOrder>MSB First</tmats:MeasurementTransferOrder>
                    <tmats:LocationType>Word and Frame</tmats:LocationType>
                    <tmats:WordAndFrame>
                      <tmats:MeasurementLocation>
                        <tmats:MeasurementFragments FragmentTransferOrder="MSB First">
                          <tmats:StartWord>8</tmats:StartWord>
                          <tmats:WordInterval>0</tmats:WordInterval>
                          <tmats:EndWord>8</tmats:EndWord>
                          <tmats:StartFrame>1</tmats:StartFrame>
                          <tmats:FrameInterval>1</tmats:FrameInterval>
                          <tmats:EndFrame>15</tmats:EndFrame>
                          <tmats:BitMask>111111111111</tmats:BitMask>
                        </tmats:MeasurementFragments>
                      </tmats:MeasurementLocation>
                    </tmats:WordAndFrame>
                  </tmats:Measurement>
                  <tmats:Measurement Name="Derived">
                    <tmats:Length>12</tmats:Length>
                    <tmats:Parity>Even</tmats:Parity>
                    <tmats:ParityTransferOrder>Default</tmats:ParityTransferOrder>
                    <tmats:MeasurementTransferOrder>MSB First</tmats:MeasurementTransferOrder>
                    <tmats:LocationType>Word and Frame</tmats:LocationType>
                    <tmats:WordAndFrame>
                      <tmats:MeasurementLocation>
                        <tmats:MeasurementFragments FragmentTransferOrder="MSB First">
                          <tmats:StartWord>9</tmats:StartWord>
                          <tmats:WordInterval>0</tmats:WordInterval>
                          <tmats:EndWord>9</tmats:EndWord>
                          <tmats:StartFrame>1</tmats:StartFrame>
                          <tmats:FrameInterval>1</tmats:FrameInterval>
                          <tmats:EndFrame>15</tmats:EndFrame>
                          <tmats:BitMask>111111111111</tmats:BitMask>
                        </tmats:MeasurementFragments>
                      </tmats:MeasurementLocation>
                    </tmats:WordAndFrame>
                  </tmats:Measurement>
                  <tmats:Measurement Name="SpecialProcessing">
                    <tmats:Length>12</tmats:Length>
                    <tmats:Parity>Even</tmats:Parity>
                    <tmats:ParityTransferOrder>Default</tmats:ParityTransferOrder>
                    <tmats:MeasurementTransferOrder>MSB First</tmats:MeasurementTransferOrder>
                    <tmats:LocationType>Word and Frame</tmats:LocationType>
                    <tmats:WordAndFrame>
                      <tmats:MeasurementLocation>
                        <tmats:MeasurementFragments FragmentTransferOrder="MSB First">
                          <tmats:StartWord>10</tmats:StartWord>
                          <tmats:WordInterval>0</tmats:WordInterval>
                          <tmats:EndWord>10</tmats:EndWord>
                          <tmats:StartFrame>1</tmats:StartFrame>
                          <tmats:FrameInterval>1</tmats:FrameInterval>
                          <tmats:EndFrame>15</tmats:EndFrame>
                          <tmats:BitMask>111111111111</tmats:BitMask>
                        </tmats:MeasurementFragments>
                      </tmats:MeasurementLocation>
                    </tmats:WordAndFrame>
                  </tmats:Measurement>
                  <tmats:Measurement Name="Other">
                    <tmats:Length>12</tmats:Length>
                    <tmats:Parity>Even</tmats:Parity>
                    <tmats:ParityTransferOrder>Default</tmats:ParityTransferOrder>
                    <tmats:MeasurementTransferOrder>MSB First</tmats:MeasurementTransferOrder>
                    <tmats:LocationType>Word and Frame</tmats:LocationType>
                    <tmats:WordAndFrame>
                      <tmats:MeasurementLocation>
                        <tmats:MeasurementFragments FragmentTransferOrder="MSB First">
                          <tmats:StartWord>11</tmats:StartWord>
                          <tmats:WordInterval>0</tmats:WordInterval>
                          <tmats:EndWord>11</tmats:EndWord>
                          <tmats:StartFrame>1</tmats:StartFrame>
                          <tmats:FrameInterval>1</tmats:FrameInterval>
                          <tmats:EndFrame>15</tmats:EndFrame>
                          <tmats:BitMask>111111111111</tmats:BitMask>
                        </tmats:MeasurementFragments>
                      </tmats:MeasurementLocation>
                    </tmats:WordAndFrame>
                  </tmats:Measurement>
                  <tmats:Measurement Name="Fragment">
                    <tmats:Length>12</tmats:Length>
                    <tmats:Parity>Even</tmats:Parity>
                    <tmats:ParityTransferOrder>Default</tmats:ParityTransferOrder>
                    <tmats:MeasurementTransferOrder>MSB First</tmats:MeasurementTransferOrder>
                    <tmats:LocationType>Word and Frame</tmats:LocationType>
                    <tmats:WordAndFrame>
                      <tmats:MeasurementLocation>
                        <tmats:MeasurementFragments FragmentTransferOrder="MSB First">
                          <tmats:StartWord>12</tmats:StartWord>
                          <tmats:WordInterval>0</tmats:WordInterval>
                          <tmats:EndWord>12</tmats:EndWord>
                          <tmats:StartFrame>1</tmats:StartFrame>
                          <tmats:FrameInterval>1</tmats:FrameInterval>
                          <tmats:EndFrame>15</tmats:EndFrame>
                          <tmats:BitMask>111111000000</tmats:BitMask>
                        </tmats:MeasurementFragments>
                        <tmats:MeasurementFragments FragmentTransferOrder="MSB First">
                          <tmats:StartWord>15</tmats:StartWord>
                          <tmats:WordInterval>0</tmats:WordInterval>
                          <tmats:EndWord>15</tmats:EndWord>
                          <tmats:StartFrame>1</tmats:StartFrame>
                          <tmats:FrameInterval>1</tmats:FrameInterval>
                          <tmats:EndFrame>15</tmats:EndFrame>
                          <tmats:BitMask>111111000000</tmats:BitMask>
                        </tmats:MeasurementFragments>
                      </tmats:MeasurementLocation>
                    </tmats:WordAndFrame>
                  </tmats:Measurement>
                </tmats:MeasurementList>
              </tmats:PCMMeasurements>
            </PCMFormatAttributes>
          </PCMDataLink>
        </DataStream>
      </DataStreamDescriptions>
    </AvailableData>
    <DataOperations>
      <DataOperation ID="PolynomialExample">
        <Name>Polynomial Example</Name>
        <Description>Produces the equation y=3x^2 + 4x + 2</Description>
        <Method ID="Method1">
          <MathematicalExpression>
            <PolynomialNumerator>
              <Term>
                <Coefficient>3</Coefficient>
                <Exponent>2</Exponent>
              </Term>
              <Term>
                <Coefficient>4</Coefficient>
                <Exponent>1</Exponent>
              </Term>
              <Term>
                <Coefficient>2</Coefficient>
                <Exponent>0</Exponent>
              </Term>
            </PolynomialNumerator>
          </MathematicalExpression>
        </Method>
      </DataOperation>
    </DataOperations>
    <Networks>
      <Network>
        <NetworkType>TmNS</NetworkType>
        <NetworkNode ID="dauSIM_Node">
          <InventoryID>ID1</InventoryID>
          <RoleID>dauSIM</RoleID>
          <TmNSDAU/>
          <NetworkInterface ID="NI_1">
            <InterfaceName>Eth0</InterfaceName>
            <DHCPEnable>true</DHCPEnable>
            <IPAddress>192.168.0.201</IPAddress>
            <Netmask>255.255.0.0</Netmask>
            <Gateway>192.168.0.1</Gateway>
            <PhysicalNetworkPort ID="PhysNetPort1"/>
          </NetworkInterface>
        </NetworkNode>
        <NetworkNode ID="recorderSIM_Node">
          <InventoryID>ID2</InventoryID>
          <RoleID>recorderSIM</RoleID>
          <TmNSRecorder/>
          <NetworkInterface ID="NI_2">
            <InterfaceName>Eth0</InterfaceName>
            <DHCPEnable>true</DHCPEnable>
            <MACAddress>00:00:00:00:00:00</MACAddress>
            <PhysicalNetworkPort ID="PhysNetPort2"/>
          </NetworkInterface>
        </NetworkNode>
      </Network>
    </Networks>
    <DSCPTable>
      <DSCPTableEntry ID="dscp-be">
        <DSCPValue>0b000000</DSCPValue>
        <DSCPDescription>Best Effort</DSCPDescription>
      </DSCPTableEntry>
      <DSCPTableEntry ID="dscp-ef">
        <DSCPValue>0b101110</DSCPValue>
        <DSCPDescription>Expedited Forwarding</DSCPDescription>
      </DSCPTableEntry>
      <DSCPTableEntry ID="dscp-af1">
        <DSCPValue>0b001000</DSCPValue>
        <DSCPDescription>Assured Forwarding Class 1</DSCPDescription>
      </DSCPTableEntry>
      <DSCPTableEntry ID="dscp-af2">
        <DSCPValue>0b010000</DSCPValue>
        <DSCPDescription>Assured Forwarding Class 2</DSCPDescription>
      </DSCPTableEntry>
      <DSCPTableEntry ID="dscp-af3">
        <DSCPValue>0b011000</DSCPValue>
        <DSCPDescription>Assured Forwarding Class 3</DSCPDescription>
      </DSCPTableEntry>
      <DSCPTableEntry ID="dscp-af4">
        <DSCPValue>0b100000</DSCPValue>
        <DSCPDescription>Assured Forwarding Class 4</DSCPDescription>
      </DSCPTableEntry>
    </DSCPTable>
  </MessageDefinitionDomain>
</MessageDefinitionDomains>
