<?xml version="1.0"?>
<MDLRoot xmlns:xsi="http://www.w3.org/2001/XMLSchema-instance" 
         xmlns="http://inetprogram.org/projects/MDL" 
         xsi:schemaLocation="http://inetprogram.org/projects/MDL MDL_v0_8_11.xsd">
  <ConfigurationVersion>-TBD-</ConfigurationVersion>

  <NetworkDomains>
    <Network ID="GroundNetworkID">
      <ReadOnly>true</ReadOnly>
      <Owner>SDD Range Rules</Owner>
      <Name>Ground Network</Name>
      <Description>Ground Network</Description>
      <NetworkType>GroundNetwork</NetworkType>

      <NetworkServices>
        <NetworkService>
          <DSCPTableEntryRef IDREF="DiffservVoice"/>
          <CommittedRate>
            <FloatValue>50e3</FloatValue>
            <SIUnits>BitPerSecond</SIUnits>
          </CommittedRate>
        </NetworkService>
        <NetworkService>
          <DSCPTableEntryRef IDREF="DiffservRCHigh"/>
          <CommittedRate>
            <FloatValue>1e6</FloatValue>
            <SIUnits>BitPerSecond</SIUnits>
          </CommittedRate>
        </NetworkService>
      </NetworkServices>

      <Network ID="AntennaSite1Network">
        <Name>Antenna Site1 Network</Name>
        <Description>Antenna Site1 Network</Description>
        <NetworkType>GroundNetwork</NetworkType>
        <NetworkServices/>

        <NetworkNode ID="Site1Antenna1Radio1">
          <Name>Site1 Antenna1 Radio1</Name>
          <InventoryID>Site1Antenna1Radio1-InvID</InventoryID>
          <TmNSManageableApps>
            <TmNSManageableApp ID="Site1Antenna1Radio1App">
              <RoleID>Site1Antenna1Radio1-001</RoleID>
              <LoggingLevel>Trace</LoggingLevel>
              <ConfigurationVersion>0.0.1</ConfigurationVersion>
              <TmNSRadio>
                <RadioType>Ground Radio</RadioType>
                <TransceiverID>24</TransceiverID>
              </TmNSRadio>
            </TmNSManageableApp>
          </TmNSManageableApps>
          <NetworkInterface ID="Site1Antenna1Radio1IFace">
            <Name>RadioIFace</Name>
            <InterfaceName>eth0</InterfaceName>
            <DHCPEnable>false</DHCPEnable>
            <IPAddress>192.168.1.2</IPAddress>
            <Netmask>255.255.255.0</Netmask>
            <Gateway>192.168.1.1</Gateway>
            <MACAddress>00:00:00:00:00:00</MACAddress>
            <PhysicalNetworkPort ID="Site1Antenna1Radio1PhyNetPort">
              <Name>Network Port</Name>
              <Medium>Copper</Medium>
              <PortNumber>1</PortNumber>
              <PortDataRate>
                <FloatValue>1e9</FloatValue>
                <SIUnits>BitPerSecond</SIUnits>
              </PortDataRate>
            </PhysicalNetworkPort>
          </NetworkInterface>
          <Ports>
            <Port ID="Site1Antenna1Radio1Port">
              <Name>Site1Antenna1Radio1Port</Name>
              <PortDirection>Bidirectional</PortDirection>
              <PhysicalNetworkPortRef IDREF="Site1Antenna1Radio1PhyNetPort"/>
            </Port>
          </Ports>
        </NetworkNode>

        <NetworkNode ID="Site1Antenna1SSTReceivers">
          <Name>Site1Antenna1 SST Receivers</Name>
          <InventoryID>Site1-Antenna1-SSTRx-00010</InventoryID>
          <TmNSManageableApps>
            <TmNSManageableApp ID="Site1Antenna1SSTRx1">
              <Name>Receiver1</Name>
              <RoleID>Site1-Antenna1-SSTRx-00010</RoleID>
              <LoggingLevel>Trace</LoggingLevel>
              <ConfigurationVersion>0.0.1</ConfigurationVersion>
              <TmNSNetworkDevice/>
              <TmNSSSTRx>
                <Channel ID="Site1Antenna1SSTRx1Chan1">
                  <ChannelNumber>30</ChannelNumber>
                  <CenterFrequency>
                    <FloatValue>1800e6</FloatValue>
                    <SIUnits>Hertz</SIUnits>
                  </CenterFrequency>
                </Channel>
                <Channel ID="Site1Antenna1SSTRx1Chan2">
                  <ChannelNumber>33</ChannelNumber>
                  <CenterFrequency>
                    <FloatValue>1950e6</FloatValue>
                    <SIUnits>Hertz</SIUnits>
                  </CenterFrequency>
                </Channel>
              </TmNSSSTRx>
            </TmNSManageableApp>
            <TmNSManageableApp ID="Site1Antenna1SSTRx2">
              <Name>Receiver2</Name>
              <RoleID>Site1-Antenna1-SSTRx2-00011</RoleID>
              <LoggingLevel>Trace</LoggingLevel>
              <ConfigurationVersion>0.0.1</ConfigurationVersion>
              <TmNSNetworkDevice/>
              <TmNSSSTRx>
                <Channel ID="Site1Antenna1SSTRx2Chan1">
                  <ChannelNumber>31</ChannelNumber>
                  <CenterFrequency>
                    <FloatValue>1850e6</FloatValue>
                    <SIUnits>Hertz</SIUnits>
                  </CenterFrequency>
                </Channel>
                <Channel ID="Site1Antenna1SSTRx2Chan2">
                  <ChannelNumber>32</ChannelNumber>
                  <CenterFrequency>
                    <FloatValue>1900e6</FloatValue>
                    <SIUnits>Hertz</SIUnits>
                  </CenterFrequency>
                </Channel>
              </TmNSSSTRx>
            </TmNSManageableApp>
          </TmNSManageableApps>
          <NetworkInterface ID="Site1Antenna1SSTRxIFace">
            <Name>SSTRxIFace</Name>
            <InterfaceName>eth0</InterfaceName>
            <DHCPEnable>false</DHCPEnable>
            <IPAddress>192.168.1.3</IPAddress>
            <Netmask>255.255.255.0</Netmask>
            <Gateway>192.168.1.1</Gateway>
            <MACAddress>00:00:00:00:00:00</MACAddress>
            <PhysicalNetworkPort ID="Site1Antenna1SSTRxPhyNetPort">
              <Name>SST Tx Phy Net Port</Name>
              <Medium>Copper</Medium>
              <PortNumber>1</PortNumber>
              <PortDataRate>
                <FloatValue>1e9</FloatValue>
                <SIUnits>BitPerSecond</SIUnits>
              </PortDataRate>
            </PhysicalNetworkPort>
          </NetworkInterface>
          <NetworkInterface ID="Site1Antenna1SSTRxPrivateIFace">
            <Name>SSTRxPrivateIFace</Name>
            <InterfaceName>eth1</InterfaceName>
            <DHCPEnable>false</DHCPEnable>
            <IPAddress>10.0.1.3</IPAddress>
            <Netmask>255.255.255.0</Netmask>
            <Gateway>10.0.1.1</Gateway>
            <MACAddress>00:00:00:00:00:00</MACAddress>
            <PhysicalNetworkPort ID="Site1Antenna1SSTRxPrivatePhyNetPort">
              <Name>SST Tx Private Phy Net Port</Name>
              <Medium>Copper</Medium>
              <PortNumber>1</PortNumber>
              <PortDataRate>
                <FloatValue>1e9</FloatValue>
                <SIUnits>BitPerSecond</SIUnits>
              </PortDataRate>
            </PhysicalNetworkPort>
          </NetworkInterface>
          <Ports>
            <Port ID="Site1Antenna1SSTRxPort">
              <Name>SSTRxPort</Name>
              <PortDirection>Bidirectional</PortDirection>
              <PhysicalNetworkPortRef IDREF="Site1Antenna1SSTRxPhyNetPort"/>
            </Port>
            <Port ID="Site1Antenna1SSTRxPrivatePort">
              <Name>SSTRxPrivatePort</Name>
              <PortDirection>Bidirectional</PortDirection>
              <PhysicalNetworkPortRef IDREF="Site1Antenna1SSTRxPrivatePhyNetPort"/>
            </Port>
          </Ports>
        </NetworkNode>

        <NetworkNode ID="Site1Antenna1ACU">
          <Name>Site1Antenna1ACU</Name>
          <InventoryID>Site1-Antenna1-ACU-00010</InventoryID>
          <TmNSManageableApps>
            <TmNSManageableApp ID="Site1Antenna1ACUApp">
              <RoleID>Site1-Antenna1-ACU</RoleID>
              <LoggingLevel>Trace</LoggingLevel>
              <ConfigurationVersion>-TBD-</ConfigurationVersion>
              <TmNSACU>
                <TrackingReceiver>
                  <ManageableAppRef IDREF="Site1Antenna1SSTRx2"/>
                </TrackingReceiver>
              </TmNSACU>
              <SNMPInterface>
                <SNMPVersion>3</SNMPVersion>
                <DSCPTableEntryRef IDREF="DiffservLTC"/>
                <NetworkInterfaceRef IDREF="Site1Antenna1ACUIFace"/>
              </SNMPInterface>
            </TmNSManageableApp>
          </TmNSManageableApps>
          <NetworkInterface ID="Site1Antenna1ACUIFace">
            <Name>ACU Computer Interface</Name>
            <InterfaceName>eth0</InterfaceName>
            <DHCPEnable>false</DHCPEnable>
            <IPAddress>10.0.1.4</IPAddress>
            <Netmask>255.255.255.0</Netmask>
            <Gateway>10.0.1.1</Gateway>
            <MACAddress>00:00:00:00:00:00</MACAddress>
            <PhysicalNetworkPort ID="Site1Antenna1ACUPhyNetPort">
              <Name>ACU Computer PhyNetPort</Name>
              <Medium>Copper</Medium>
              <PortNumber>1</PortNumber>
              <PortDataRate>
                <FloatValue>1e9</FloatValue>
                <SIUnits>BitPerSecond</SIUnits>
              </PortDataRate>
            </PhysicalNetworkPort>
          </NetworkInterface>
          <Ports>
            <Port ID="Site1Antenna1ACUPort">
              <Name>ACU Computer Port</Name>
              <PortDirection>Bidirectional</PortDirection>
              <PhysicalNetworkPortRef IDREF="Site1Antenna1ACUPhyNetPort"/>
            </Port>
          </Ports>
        </NetworkNode>

        <NetworkNode ID="Site1Antenna2Radio1">
          <Name>Site1 Antenna2 Radio1</Name>
          <InventoryID>Site1Antenna2Radio1-InvID</InventoryID>
          <TmNSManageableApps>
            <TmNSManageableApp ID="Site1Antenna2Radio1App">
              <RoleID>Site1Antenna2Radio1-001</RoleID>
              <LoggingLevel>Trace</LoggingLevel>
              <ConfigurationVersion>0.0.1</ConfigurationVersion>
              <TmNSRadio>
                <RadioType>Ground Radio</RadioType>
                <TransceiverID>24</TransceiverID>
              </TmNSRadio>
            </TmNSManageableApp>
          </TmNSManageableApps>
          <NetworkInterface ID="Site1Antenna2Radio1IFace">
            <Name>RadioIFace</Name>
            <InterfaceName>eth0</InterfaceName>
            <DHCPEnable>false</DHCPEnable>
            <IPAddress>192.168.1.5</IPAddress>
            <Netmask>255.255.255.0</Netmask>
            <Gateway>192.168.1.1</Gateway>
            <MACAddress>00:00:00:00:00:00</MACAddress>
            <PhysicalNetworkPort ID="Site1Antenna2Radio1PhyNetPort">
              <Name>Network Port</Name>
              <Medium>Copper</Medium>
              <PortNumber>1</PortNumber>
              <PortDataRate>
                <FloatValue>1e9</FloatValue>
                <SIUnits>BitPerSecond</SIUnits>
              </PortDataRate>
            </PhysicalNetworkPort>
          </NetworkInterface>
          <Ports>
            <Port ID="Site1Antenna2Radio1Port">
              <Name>Site1Antenna2Radio1Port</Name>
              <PortDirection>Bidirectional</PortDirection>
              <PhysicalNetworkPortRef IDREF="Site1Antenna2Radio1PhyNetPort"/>
            </Port>
          </Ports>
        </NetworkNode>

        <NetworkNode ID="Site1Antenna2SSTReceivers">
          <Name>Site1Antenna2 SST Receivers</Name>
          <InventoryID>Site1-Antenna2-SSTRx-00010</InventoryID>
          <TmNSManageableApps>
            <TmNSManageableApp ID="Site1Antenna2SSTRx1">
              <Name>Receiver1</Name>
              <RoleID>Site1-Antenna2-SSTRx-00010</RoleID>
              <LoggingLevel>Trace</LoggingLevel>
              <ConfigurationVersion>0.0.1</ConfigurationVersion>
              <TmNSNetworkDevice/>
              <TmNSSSTRx>
                <Channel ID="Site1Antenna2SSTRx1Chan1">
                  <ChannelNumber>30</ChannelNumber>
                  <CenterFrequency>
                    <FloatValue>1800e6</FloatValue>
                    <SIUnits>Hertz</SIUnits>
                  </CenterFrequency>
                </Channel>
                <Channel ID="Site1Antenna2SSTRx1Chan2">
                  <ChannelNumber>33</ChannelNumber>
                  <CenterFrequency>
                    <FloatValue>1950e6</FloatValue>
                    <SIUnits>Hertz</SIUnits>
                  </CenterFrequency>
                </Channel>
              </TmNSSSTRx>
            </TmNSManageableApp>
            <TmNSManageableApp ID="Site1Antenna2SSTRx2">
              <Name>Receiver2</Name>
              <RoleID>Site1-Antenna2-SSTRx2-00011</RoleID>
              <LoggingLevel>Trace</LoggingLevel>
              <ConfigurationVersion>0.0.1</ConfigurationVersion>
              <TmNSNetworkDevice/>
              <TmNSSSTRx>
                <Channel ID="Site1Antenna2SSTRx2Chan1">
                  <ChannelNumber>31</ChannelNumber>
                  <CenterFrequency>
                    <FloatValue>1850e6</FloatValue>
                    <SIUnits>Hertz</SIUnits>
                  </CenterFrequency>
                </Channel>
                <Channel ID="Site1Antenna2SSTRx2Chan2">
                  <ChannelNumber>32</ChannelNumber>
                  <CenterFrequency>
                    <FloatValue>1900e6</FloatValue>
                    <SIUnits>Hertz</SIUnits>
                  </CenterFrequency>
                </Channel>
              </TmNSSSTRx>
            </TmNSManageableApp>
          </TmNSManageableApps>
          <NetworkInterface ID="Site1Antenna2SSTRxIFace">
            <Name>SSTRxIFace</Name>
            <InterfaceName>eth0</InterfaceName>
            <DHCPEnable>false</DHCPEnable>
            <IPAddress>192.168.1.6</IPAddress>
            <Netmask>255.255.255.0</Netmask>
            <Gateway>192.168.1.1</Gateway>
            <MACAddress>00:00:00:00:00:00</MACAddress>
            <PhysicalNetworkPort ID="Site1Antenna2SSTRxPhyNetPort">
              <Name>SST Tx Phy Net Port</Name>
              <Medium>Copper</Medium>
              <PortNumber>1</PortNumber>
              <PortDataRate>
                <FloatValue>1e9</FloatValue>
                <SIUnits>BitPerSecond</SIUnits>
              </PortDataRate>
            </PhysicalNetworkPort>
          </NetworkInterface>
          <NetworkInterface ID="Site1Antenna2SSTRxPrivateIFace">
            <Name>SSTRxPrivateIFace</Name>
            <InterfaceName>eth1</InterfaceName>
            <DHCPEnable>false</DHCPEnable>
            <IPAddress>10.0.1.6</IPAddress>
            <Netmask>255.255.255.0</Netmask>
            <Gateway>10.0.1.1</Gateway>
            <MACAddress>00:00:00:00:00:00</MACAddress>
            <PhysicalNetworkPort ID="Site1Antenna2SSTRxPrivatePhyNetPort">
              <Name>SST Tx Private Phy Net Port</Name>
              <Medium>Copper</Medium>
              <PortNumber>1</PortNumber>
              <PortDataRate>
                <FloatValue>1e9</FloatValue>
                <SIUnits>BitPerSecond</SIUnits>
              </PortDataRate>
            </PhysicalNetworkPort>
          </NetworkInterface>
          <Ports>
            <Port ID="Site1Antenna2SSTRxPort">
              <Name>SSTRxPort</Name>
              <PortDirection>Bidirectional</PortDirection>
              <PhysicalNetworkPortRef IDREF="Site1Antenna2SSTRxPhyNetPort"/>
            </Port>
            <Port ID="Site1Antenna2SSTRxPrivatePort">
              <Name>SSTRxPrivatePort</Name>
              <PortDirection>Bidirectional</PortDirection>
              <PhysicalNetworkPortRef IDREF="Site1Antenna2SSTRxPrivatePhyNetPort"/>
            </Port>
          </Ports>
        </NetworkNode>

        <NetworkNode ID="Site1Antenna2ACU">
          <Name>Site1Antenna2ACU</Name>
          <InventoryID>Site1Antenna2ACU-00010</InventoryID>
          <TmNSManageableApps>
            <TmNSManageableApp ID="Site1Antenna2ACUApp">
              <RoleID>Site1Antenna2-ACU</RoleID>
              <LoggingLevel>Trace</LoggingLevel>
              <ConfigurationVersion>-TBD-</ConfigurationVersion>
              <TmNSACU>
                <TrackingReceiver>
                  <ManageableAppRef IDREF="Site1Antenna2SSTRx2"/>
                </TrackingReceiver>
              </TmNSACU>
              <SNMPInterface>
                <SNMPVersion>3</SNMPVersion>
                <DSCPTableEntryRef IDREF="DiffservLTC"/>
                <NetworkInterfaceRef IDREF="Site1Antenna2ACUIFace"/>
              </SNMPInterface>
            </TmNSManageableApp>
          </TmNSManageableApps>
          <NetworkInterface ID="Site1Antenna2ACUIFace">
            <Name>ACU Computer Interface</Name>
            <InterfaceName>eth0</InterfaceName>
            <DHCPEnable>false</DHCPEnable>
            <IPAddress>10.0.1.7</IPAddress>
            <Netmask>255.255.255.0</Netmask>
            <Gateway>10.0.1.1</Gateway>
            <MACAddress>00:00:00:00:00:00</MACAddress>
            <PhysicalNetworkPort ID="Site1Antenna2ACUPhyNetPort">
              <Name>ACU Computer PhyNetPort</Name>
              <Medium>Copper</Medium>
              <PortNumber>1</PortNumber>
              <PortDataRate>
                <FloatValue>1e9</FloatValue>
                <SIUnits>BitPerSecond</SIUnits>
              </PortDataRate>
            </PhysicalNetworkPort>
          </NetworkInterface>
          <Ports>
            <Port ID="Site1Antenna2ACUPort">
              <Name>ACU Computer Port</Name>
              <PortDirection>Bidirectional</PortDirection>
              <PhysicalNetworkPortRef IDREF="Site1Antenna2ACUPhyNetPort"/>
            </Port>
          </Ports>
        </NetworkNode>

        <Devices>
          <Antenna>
            <Name>Site1Antenna1</Name>
            <Description>Site1 Antenna1</Description>
            <ACU>
              <ManageableAppRef IDREF="Site1Antenna1ACUApp"/>
            </ACU>
            <SSTRxs>
              <ManageableAppRef IDREF="Site1Antenna1SSTRx1"/>
              <ManageableAppRef IDREF="Site1Antenna1SSTRx2"/>
            </SSTRxs>
            <Radios>
              <ManageableAppRef IDREF="Site1Antenna1Radio1App"/>
            </Radios>
          </Antenna>
          <Antenna>
            <Name>Site1Antenna2</Name>
            <Description>Site1 Antenna2</Description>
            <ACU>
              <ManageableAppRef IDREF="Site1Antenna2ACUApp"/>
            </ACU>
            <SSTRxs>
              <ManageableAppRef IDREF="Site1Antenna2SSTRx1"/>
              <ManageableAppRef IDREF="Site1Antenna2SSTRx2"/>
            </SSTRxs>
            <Radios>
              <ManageableAppRef IDREF="Site1Antenna2Radio1App"/>
            </Radios>
          </Antenna>
        </Devices>
      </Network>  <!--End of Antenna Site1 Network-->

      <Network ID="AntennaSite2Network">
        <Name>Antenna Site2 Network</Name>
        <Description>Antenna Site2 Network</Description>
        <NetworkType>GroundNetwork</NetworkType>
        <NetworkServices/>

        <NetworkNode ID="Site2Antenna1Radio1">
          <Name>Site2 Antenna1 Radio1</Name>
          <InventoryID>Site2Antenna1Radio1-InvID</InventoryID>
          <TmNSManageableApps>
            <TmNSManageableApp ID="Site2Antenna1Radio1App">
              <RoleID>Site2Antenna1Radio1-001</RoleID>
              <LoggingLevel>Trace</LoggingLevel>
              <ConfigurationVersion>0.0.1</ConfigurationVersion>
              <TmNSRadio>
                <RadioType>Ground Radio</RadioType>
                <TransceiverID>24</TransceiverID>
              </TmNSRadio>
            </TmNSManageableApp>
          </TmNSManageableApps>
          <NetworkInterface ID="Site2Antenna1Radio1IFace">
            <Name>RadioIFace</Name>
            <InterfaceName>eth0</InterfaceName>
            <DHCPEnable>false</DHCPEnable>
            <IPAddress>192.168.2.2</IPAddress>
            <Netmask>255.255.255.0</Netmask>
            <Gateway>192.168.2.1</Gateway>
            <MACAddress>00:00:00:00:00:00</MACAddress>
            <PhysicalNetworkPort ID="Site2Antenna1Radio1PhyNetPort">
              <Name>Network Port</Name>
              <Medium>Copper</Medium>
              <PortNumber>1</PortNumber>
              <PortDataRate>
                <FloatValue>1e9</FloatValue>
                <SIUnits>BitPerSecond</SIUnits>
              </PortDataRate>
            </PhysicalNetworkPort>
          </NetworkInterface>
          <Ports>
            <Port ID="Site2Antenna1Radio1Port">
              <Name>Site2Antenna1Radio1Port</Name>
              <PortDirection>Bidirectional</PortDirection>
              <PhysicalNetworkPortRef IDREF="Site2Antenna1Radio1PhyNetPort"/>
            </Port>
          </Ports>
        </NetworkNode>

        <NetworkNode ID="Site2Antenna1SSTReceivers">
          <Name>Site2Antenna1 SST Receivers</Name>
          <InventoryID>Site2-Antenna1-SSTRx-00010</InventoryID>
          <TmNSManageableApps>
            <TmNSManageableApp ID="Site2Antenna1SSTRx1">
              <Name>Receiver1</Name>
              <RoleID>Site2-Antenna1-SSTRx-00010</RoleID>
              <LoggingLevel>Trace</LoggingLevel>
              <ConfigurationVersion>0.0.1</ConfigurationVersion>
              <TmNSNetworkDevice/>
              <TmNSSSTRx>
                <Channel ID="Site2Antenna1SSTRx1Chan1">
                  <ChannelNumber>30</ChannelNumber>
                  <CenterFrequency>
                    <FloatValue>1800e6</FloatValue>
                    <SIUnits>Hertz</SIUnits>
                  </CenterFrequency>
                </Channel>
                <Channel ID="Site2Antenna1SSTRx1Chan2">
                  <ChannelNumber>33</ChannelNumber>
                  <CenterFrequency>
                    <FloatValue>1950e6</FloatValue>
                    <SIUnits>Hertz</SIUnits>
                  </CenterFrequency>
                </Channel>
              </TmNSSSTRx>
            </TmNSManageableApp>
            <TmNSManageableApp ID="Site2Antenna1SSTRx2">
              <Name>Receiver2</Name>
              <RoleID>Site2-Antenna1-SSTRx2-00011</RoleID>
              <LoggingLevel>Trace</LoggingLevel>
              <ConfigurationVersion>0.0.1</ConfigurationVersion>
              <TmNSNetworkDevice/>
              <TmNSSSTRx>
                <Channel ID="Site2Antenna1SSTRx2Chan1">
                  <ChannelNumber>31</ChannelNumber>
                  <CenterFrequency>
                    <FloatValue>1850e6</FloatValue>
                    <SIUnits>Hertz</SIUnits>
                  </CenterFrequency>
                </Channel>
                <Channel ID="Site2Antenna1SSTRx2Chan2">
                  <ChannelNumber>32</ChannelNumber>
                  <CenterFrequency>
                    <FloatValue>1900e6</FloatValue>
                    <SIUnits>Hertz</SIUnits>
                  </CenterFrequency>
                </Channel>
              </TmNSSSTRx>
            </TmNSManageableApp>
          </TmNSManageableApps>
          <NetworkInterface ID="Site2Antenna1SSTRxIFace">
            <Name>SSTRxIFace</Name>
            <InterfaceName>eth0</InterfaceName>
            <DHCPEnable>false</DHCPEnable>
            <IPAddress>192.168.2.3</IPAddress>
            <Netmask>255.255.255.0</Netmask>
            <Gateway>192.168.2.1</Gateway>
            <MACAddress>00:00:00:00:00:00</MACAddress>
            <PhysicalNetworkPort ID="Site2Antenna1SSTRxPhyNetPort">
              <Name>SST Tx Phy Net Port</Name>
              <Medium>Copper</Medium>
              <PortNumber>1</PortNumber>
              <PortDataRate>
                <FloatValue>1e9</FloatValue>
                <SIUnits>BitPerSecond</SIUnits>
              </PortDataRate>
            </PhysicalNetworkPort>
          </NetworkInterface>
          <NetworkInterface ID="Site2Antenna1SSTRxPrivateIFace">
            <Name>SSTRxPrivateIFace</Name>
            <InterfaceName>eth1</InterfaceName>
            <DHCPEnable>false</DHCPEnable>
            <IPAddress>10.0.2.3</IPAddress>
            <Netmask>255.255.255.0</Netmask>
            <Gateway>10.0.2.1</Gateway>
            <MACAddress>00:00:00:00:00:00</MACAddress>
            <PhysicalNetworkPort ID="Site2Antenna1SSTRxPrivatePhyNetPort">
              <Name>SST Tx Private Phy Net Port</Name>
              <Medium>Copper</Medium>
              <PortNumber>1</PortNumber>
              <PortDataRate>
                <FloatValue>1e9</FloatValue>
                <SIUnits>BitPerSecond</SIUnits>
              </PortDataRate>
            </PhysicalNetworkPort>
          </NetworkInterface>
          <Ports>
            <Port ID="Site2Antenna1SSTRxPort">
              <Name>SSTRxPort</Name>
              <PortDirection>Bidirectional</PortDirection>
              <PhysicalNetworkPortRef IDREF="Site2Antenna1SSTRxPhyNetPort"/>
            </Port>
            <Port ID="Site2Antenna1SSTRxPrivatePort">
              <Name>SSTRxPrivatePort</Name>
              <PortDirection>Bidirectional</PortDirection>
              <PhysicalNetworkPortRef IDREF="Site2Antenna1SSTRxPrivatePhyNetPort"/>
            </Port>
          </Ports>
        </NetworkNode>

        <NetworkNode ID="Site2Antenna1ACU">
          <Name>Site2Antenna1ACU</Name>
          <InventoryID>Site2-Antenna1-ACU-00010</InventoryID>
          <TmNSManageableApps>
            <TmNSManageableApp ID="Site2Antenna1ACUApp">
              <RoleID>Site2-Antenna1-ACU</RoleID>
              <LoggingLevel>Trace</LoggingLevel>
              <ConfigurationVersion>-TBD-</ConfigurationVersion>
              <TmNSACU>
                <TrackingReceiver>
                  <ManageableAppRef IDREF="Site2Antenna1SSTRx2"/>
                </TrackingReceiver>
              </TmNSACU>
              <SNMPInterface>
                <SNMPVersion>3</SNMPVersion>
                <DSCPTableEntryRef IDREF="DiffservLTC"/>
                <NetworkInterfaceRef IDREF="Site2Antenna1ACUIFace"/>
              </SNMPInterface>
            </TmNSManageableApp>
          </TmNSManageableApps>
          <NetworkInterface ID="Site2Antenna1ACUIFace">
            <Name>ACU Computer Interface</Name>
            <InterfaceName>eth0</InterfaceName>
            <DHCPEnable>false</DHCPEnable>
            <IPAddress>10.0.2.4</IPAddress>
            <Netmask>255.255.255.0</Netmask>
            <Gateway>10.0.2.1</Gateway>
            <MACAddress>00:00:00:00:00:00</MACAddress>
            <PhysicalNetworkPort ID="Site2Antenna1ACUPhyNetPort">
              <Name>ACU Computer PhyNetPort</Name>
              <Medium>Copper</Medium>
              <PortNumber>1</PortNumber>
              <PortDataRate>
                <FloatValue>1e9</FloatValue>
                <SIUnits>BitPerSecond</SIUnits>
              </PortDataRate>
            </PhysicalNetworkPort>
          </NetworkInterface>
          <Ports>
            <Port ID="Site2Antenna1ACUPort">
              <Name>ACU Computer Port</Name>
              <PortDirection>Bidirectional</PortDirection>
              <PhysicalNetworkPortRef IDREF="Site2Antenna1ACUPhyNetPort"/>
            </Port>
          </Ports>
        </NetworkNode>

        <NetworkNode ID="Site2Antenna2Radio1">
          <Name>Site2 Antenna2 Radio1</Name>
          <InventoryID>Site2Antenna2Radio1-InvID</InventoryID>
          <TmNSManageableApps>
            <TmNSManageableApp ID="Site2Antenna2Radio1App">
              <RoleID>Site2Antenna2Radio1-001</RoleID>
              <LoggingLevel>Trace</LoggingLevel>
              <ConfigurationVersion>0.0.1</ConfigurationVersion>
              <TmNSRadio>
                <RadioType>Ground Radio</RadioType>
                <TransceiverID>24</TransceiverID>
              </TmNSRadio>
            </TmNSManageableApp>
          </TmNSManageableApps>
          <NetworkInterface ID="Site2Antenna2Radio1IFace">
            <Name>RadioIFace</Name>
            <InterfaceName>eth0</InterfaceName>
            <DHCPEnable>false</DHCPEnable>
            <IPAddress>192.168.2.5</IPAddress>
            <Netmask>255.255.255.0</Netmask>
            <Gateway>192.168.2.1</Gateway>
            <MACAddress>00:00:00:00:00:00</MACAddress>
            <PhysicalNetworkPort ID="Site2Antenna2Radio1PhyNetPort">
              <Name>Network Port</Name>
              <Medium>Copper</Medium>
              <PortNumber>1</PortNumber>
              <PortDataRate>
                <FloatValue>1e9</FloatValue>
                <SIUnits>BitPerSecond</SIUnits>
              </PortDataRate>
            </PhysicalNetworkPort>
          </NetworkInterface>
          <Ports>
            <Port ID="Site2Antenna2Radio1Port">
              <Name>Site2Antenna2Radio1Port</Name>
              <PortDirection>Bidirectional</PortDirection>
              <PhysicalNetworkPortRef IDREF="Site2Antenna2Radio1PhyNetPort"/>
            </Port>
          </Ports>
        </NetworkNode>

        <NetworkNode ID="Site2Antenna2SSTReceivers">
          <Name>Site2Antenna2 SST Receivers</Name>
          <InventoryID>Site2-Antenna2-SSTRx-00010</InventoryID>
          <TmNSManageableApps>
            <TmNSManageableApp ID="Site2Antenna2SSTRx1">
              <Name>Receiver1</Name>
              <RoleID>Site2-Antenna2-SSTRx-00010</RoleID>
              <LoggingLevel>Trace</LoggingLevel>
              <ConfigurationVersion>0.0.1</ConfigurationVersion>
              <TmNSNetworkDevice/>
              <TmNSSSTRx>
                <Channel ID="Site2Antenna2SSTRx1Chan1">
                  <ChannelNumber>30</ChannelNumber>
                  <CenterFrequency>
                    <FloatValue>1800e6</FloatValue>
                    <SIUnits>Hertz</SIUnits>
                  </CenterFrequency>
                </Channel>
                <Channel ID="Site2Antenna2SSTRx1Chan2">
                  <ChannelNumber>33</ChannelNumber>
                  <CenterFrequency>
                    <FloatValue>1950e6</FloatValue>
                    <SIUnits>Hertz</SIUnits>
                  </CenterFrequency>
                </Channel>
              </TmNSSSTRx>
            </TmNSManageableApp>
            <TmNSManageableApp ID="Site2Antenna2SSTRx2">
              <Name>Receiver2</Name>
              <RoleID>Site2-Antenna2-SSTRx2-00011</RoleID>
              <LoggingLevel>Trace</LoggingLevel>
              <ConfigurationVersion>0.0.1</ConfigurationVersion>
              <TmNSNetworkDevice/>
              <TmNSSSTRx>
                <Channel ID="Site2Antenna2SSTRx2Chan1">
                  <ChannelNumber>31</ChannelNumber>
                  <CenterFrequency>
                    <FloatValue>1850e6</FloatValue>
                    <SIUnits>Hertz</SIUnits>
                  </CenterFrequency>
                </Channel>
                <Channel ID="Site2Antenna2SSTRx2Chan2">
                  <ChannelNumber>32</ChannelNumber>
                  <CenterFrequency>
                    <FloatValue>1900e6</FloatValue>
                    <SIUnits>Hertz</SIUnits>
                  </CenterFrequency>
                </Channel>
              </TmNSSSTRx>
            </TmNSManageableApp>
          </TmNSManageableApps>
          <NetworkInterface ID="Site2Antenna2SSTRxIFace">
            <Name>SSTRxIFace</Name>
            <InterfaceName>eth0</InterfaceName>
            <DHCPEnable>false</DHCPEnable>
            <IPAddress>192.168.2.6</IPAddress>
            <Netmask>255.255.255.0</Netmask>
            <Gateway>192.168.2.1</Gateway>
            <MACAddress>00:00:00:00:00:00</MACAddress>
            <PhysicalNetworkPort ID="Site2Antenna2SSTRxPhyNetPort">
              <Name>SST Tx Phy Net Port</Name>
              <Medium>Copper</Medium>
              <PortNumber>1</PortNumber>
              <PortDataRate>
                <FloatValue>1e9</FloatValue>
                <SIUnits>BitPerSecond</SIUnits>
              </PortDataRate>
            </PhysicalNetworkPort>
          </NetworkInterface>
          <NetworkInterface ID="Site2Antenna2SSTRxPrivateIFace">
            <Name>SSTRxPrivateIFace</Name>
            <InterfaceName>eth1</InterfaceName>
            <DHCPEnable>false</DHCPEnable>
            <IPAddress>10.0.2.6</IPAddress>
            <Netmask>255.255.255.0</Netmask>
            <Gateway>10.0.2.1</Gateway>
            <MACAddress>00:00:00:00:00:00</MACAddress>
            <PhysicalNetworkPort ID="Site2Antenna2SSTRxPrivatePhyNetPort">
              <Name>SST Tx Private Phy Net Port</Name>
              <Medium>Copper</Medium>
              <PortNumber>1</PortNumber>
              <PortDataRate>
                <FloatValue>1e9</FloatValue>
                <SIUnits>BitPerSecond</SIUnits>
              </PortDataRate>
            </PhysicalNetworkPort>
          </NetworkInterface>
          <Ports>
            <Port ID="Site2Antenna2SSTRxPort">
              <Name>SSTRxPort</Name>
              <PortDirection>Bidirectional</PortDirection>
              <PhysicalNetworkPortRef IDREF="Site2Antenna2SSTRxPhyNetPort"/>
            </Port>
            <Port ID="Site2Antenna2SSTRxPrivatePort">
              <Name>SSTRxPrivatePort</Name>
              <PortDirection>Bidirectional</PortDirection>
              <PhysicalNetworkPortRef IDREF="Site2Antenna2SSTRxPrivatePhyNetPort"/>
            </Port>
          </Ports>
        </NetworkNode>

        <NetworkNode ID="Site2Antenna2ACU">
          <Name>Site2Antenna2ACU</Name>
          <InventoryID>Site2Antenna2ACU-00010</InventoryID>
          <TmNSManageableApps>
            <TmNSManageableApp ID="Site2Antenna2ACUApp">
              <RoleID>Site2Antenna2-ACU</RoleID>
              <LoggingLevel>Trace</LoggingLevel>
              <ConfigurationVersion>-TBD-</ConfigurationVersion>
              <TmNSACU>
                <TrackingReceiver>
                  <ManageableAppRef IDREF="Site2Antenna2SSTRx2"/>
                </TrackingReceiver>
              </TmNSACU>
              <SNMPInterface>
                <SNMPVersion>3</SNMPVersion>
                <DSCPTableEntryRef IDREF="DiffservLTC"/>
                <NetworkInterfaceRef IDREF="Site2Antenna2ACUIFace"/>
              </SNMPInterface>
            </TmNSManageableApp>
          </TmNSManageableApps>
          <NetworkInterface ID="Site2Antenna2ACUIFace">
            <Name>ACU Computer Interface</Name>
            <InterfaceName>eth0</InterfaceName>
            <DHCPEnable>false</DHCPEnable>
            <IPAddress>10.0.2.7</IPAddress>
            <Netmask>255.255.255.0</Netmask>
            <Gateway>10.0.2.1</Gateway>
            <MACAddress>00:00:00:00:00:00</MACAddress>
            <PhysicalNetworkPort ID="Site2Antenna2ACUPhyNetPort">
              <Name>ACU Computer PhyNetPort</Name>
              <Medium>Copper</Medium>
              <PortNumber>1</PortNumber>
              <PortDataRate>
                <FloatValue>1e9</FloatValue>
                <SIUnits>BitPerSecond</SIUnits>
              </PortDataRate>
            </PhysicalNetworkPort>
          </NetworkInterface>
          <Ports>
            <Port ID="Site2Antenna2ACUPort">
              <Name>ACU Computer Port</Name>
              <PortDirection>Bidirectional</PortDirection>
              <PhysicalNetworkPortRef IDREF="Site2Antenna2ACUPhyNetPort"/>
            </Port>
          </Ports>
        </NetworkNode>

        <Devices>
          <Antenna>
            <Name>Site2Antenna1</Name>
            <Description>Site2 Antenna1</Description>
            <ACU>
              <ManageableAppRef IDREF="Site2Antenna1ACUApp"/>
            </ACU>
            <SSTRxs>
              <ManageableAppRef IDREF="Site2Antenna1SSTRx1"/>
              <ManageableAppRef IDREF="Site2Antenna1SSTRx2"/>
            </SSTRxs>
            <Radios>
              <ManageableAppRef IDREF="Site2Antenna1Radio1App"/>
            </Radios>
          </Antenna>
          <Antenna>
            <Name>Site2Antenna2</Name>
            <Description>Site2 Antenna2</Description>
            <ACU>
              <ManageableAppRef IDREF="Site2Antenna2ACUApp"/>
            </ACU>
            <SSTRxs>
              <ManageableAppRef IDREF="Site2Antenna2SSTRx1"/>
              <ManageableAppRef IDREF="Site2Antenna2SSTRx2"/>
            </SSTRxs>
            <Radios>
              <ManageableAppRef IDREF="Site2Antenna2Radio1App"/>
            </Radios>
          </Antenna>
        </Devices>
      </Network>  <!--End of Antenna Site2 Network-->

      <Network ID="AntennaSite3Network">
        <Name>Antenna Site3 Network</Name>
        <Description>Antenna Site3 Network</Description>
        <NetworkType>GroundNetwork</NetworkType>
        <NetworkServices/>

        <NetworkNode ID="Site3Antenna1Radio1">
          <Name>Site3 Antenna1 Radio1</Name>
          <InventoryID>Site3-Antenna1-Radio1-InvID</InventoryID>
          <TmNSManageableApps>
            <TmNSManageableApp ID="Site3Antenna1Radio1App">
              <RoleID>Site3Antenna1Radio1-001</RoleID>
              <LoggingLevel>Trace</LoggingLevel>
              <ConfigurationVersion>0.0.1</ConfigurationVersion>
              <TmNSRadio>
                <RadioType>Ground Radio</RadioType>
                <TransceiverID>24</TransceiverID>
              </TmNSRadio>
            </TmNSManageableApp>
          </TmNSManageableApps>
          <NetworkInterface ID="Site3Antenna1Radio1IFace">
            <Name>RadioIFace</Name>
            <InterfaceName>eth0</InterfaceName>
            <DHCPEnable>false</DHCPEnable>
            <IPAddress>192.168.3.2</IPAddress>
            <Netmask>255.255.255.0</Netmask>
            <Gateway>192.168.3.1</Gateway>
            <MACAddress>00:00:00:00:00:00</MACAddress>
            <PhysicalNetworkPort ID="Site3Antenna1Radio1PhyNetPort">
              <Name>Network Port</Name>
              <Medium>Copper</Medium>
              <PortNumber>1</PortNumber>
              <PortDataRate>
                <FloatValue>1e9</FloatValue>
                <SIUnits>BitPerSecond</SIUnits>
              </PortDataRate>
            </PhysicalNetworkPort>
          </NetworkInterface>
          <Ports>
            <Port ID="Site3Antenna1Radio1Port">
              <Name>Site3Antenna1Radio1Port</Name>
              <PortDirection>Bidirectional</PortDirection>
              <PhysicalNetworkPortRef IDREF="Site3Antenna1Radio1PhyNetPort"/>
            </Port>
          </Ports>
        </NetworkNode>

        <NetworkNode ID="Site3Antenna1SSTReceivers">
          <Name>Site3Antenna1 SST Receivers</Name>
          <InventoryID>Site3-Antenna1-SSTRx-00010</InventoryID>
          <TmNSManageableApps>
            <TmNSManageableApp ID="Site3Antenna1SSTRx1">
              <Name>Receiver1</Name>
              <RoleID>Site3-Antenna1-SSTRx-00010</RoleID>
              <LoggingLevel>Trace</LoggingLevel>
              <ConfigurationVersion>0.0.1</ConfigurationVersion>
              <TmNSNetworkDevice/>
              <TmNSSSTRx>
                <Channel ID="Site3Antenna1SSTRx1Chan1">
                  <ChannelNumber>30</ChannelNumber>
                  <CenterFrequency>
                    <FloatValue>1800e6</FloatValue>
                    <SIUnits>Hertz</SIUnits>
                  </CenterFrequency>
                </Channel>
                <Channel ID="Site3Antenna1SSTRx1Chan2">
                  <ChannelNumber>33</ChannelNumber>
                  <CenterFrequency>
                    <FloatValue>1950e6</FloatValue>
                    <SIUnits>Hertz</SIUnits>
                  </CenterFrequency>
                </Channel>
              </TmNSSSTRx>
            </TmNSManageableApp>
            <TmNSManageableApp ID="Site3Antenna1SSTRx2">
              <Name>Receiver2</Name>
              <RoleID>Site3-Antenna1-SSTRx2-00011</RoleID>
              <LoggingLevel>Trace</LoggingLevel>
              <ConfigurationVersion>0.0.1</ConfigurationVersion>
              <TmNSNetworkDevice/>
              <TmNSSSTRx>
                <Channel ID="Site3Antenna1SSTRx2Chan1">
                  <ChannelNumber>31</ChannelNumber>
                  <CenterFrequency>
                    <FloatValue>1850e6</FloatValue>
                    <SIUnits>Hertz</SIUnits>
                  </CenterFrequency>
                </Channel>
                <Channel ID="Site3Antenna1SSTRx2Chan2">
                  <ChannelNumber>32</ChannelNumber>
                  <CenterFrequency>
                    <FloatValue>1900e6</FloatValue>
                    <SIUnits>Hertz</SIUnits>
                  </CenterFrequency>
                </Channel>
              </TmNSSSTRx>
            </TmNSManageableApp>
          </TmNSManageableApps>
          <NetworkInterface ID="Site3Antenna1SSTRxIFace">
            <Name>SSTRxIFace</Name>
            <InterfaceName>eth0</InterfaceName>
            <DHCPEnable>false</DHCPEnable>
            <IPAddress>192.168.3.3</IPAddress>
            <Netmask>255.255.255.0</Netmask>
            <Gateway>192.168.3.1</Gateway>
            <MACAddress>00:00:00:00:00:00</MACAddress>
            <PhysicalNetworkPort ID="Site3Antenna1SSTRxPhyNetPort">
              <Name>SST Tx Phy Net Port</Name>
              <Medium>Copper</Medium>
              <PortNumber>1</PortNumber>
              <PortDataRate>
                <FloatValue>1e9</FloatValue>
                <SIUnits>BitPerSecond</SIUnits>
              </PortDataRate>
            </PhysicalNetworkPort>
          </NetworkInterface>
          <NetworkInterface ID="Site3Antenna1SSTRxPrivateIFace">
            <Name>SSTRxPrivateIFace</Name>
            <InterfaceName>eth1</InterfaceName>
            <DHCPEnable>false</DHCPEnable>
            <IPAddress>10.0.3.3</IPAddress>
            <Netmask>255.255.255.0</Netmask>
            <Gateway>10.0.3.1</Gateway>
            <MACAddress>00:00:00:00:00:00</MACAddress>
            <PhysicalNetworkPort ID="Site3Antenna1SSTRxPrivatePhyNetPort">
              <Name>SST Tx Private Phy Net Port</Name>
              <Medium>Copper</Medium>
              <PortNumber>1</PortNumber>
              <PortDataRate>
                <FloatValue>1e9</FloatValue>
                <SIUnits>BitPerSecond</SIUnits>
              </PortDataRate>
            </PhysicalNetworkPort>
          </NetworkInterface>
          <Ports>
            <Port ID="Site3Antenna1SSTRxPort">
              <Name>SSTRxPort</Name>
              <PortDirection>Bidirectional</PortDirection>
              <PhysicalNetworkPortRef IDREF="Site3Antenna1SSTRxPhyNetPort"/>
            </Port>
            <Port ID="Site3Antenna1SSTRxPrivatePort">
              <Name>SSTRxPrivatePort</Name>
              <PortDirection>Bidirectional</PortDirection>
              <PhysicalNetworkPortRef IDREF="Site3Antenna1SSTRxPrivatePhyNetPort"/>
            </Port>
          </Ports>
        </NetworkNode>

        <NetworkNode ID="Site3Antenna1ACU">
          <Name>Site3Antenna1ACU</Name>
          <InventoryID>Site3-Antenna1-ACU-00010</InventoryID>
          <TmNSManageableApps>
            <TmNSManageableApp ID="Site3Antenna1ACUApp">
              <RoleID>Site3-Antenna1-ACU</RoleID>
              <LoggingLevel>Trace</LoggingLevel>
              <ConfigurationVersion>-TBD-</ConfigurationVersion>
              <TmNSACU>
                <TrackingReceiver>
                  <ManageableAppRef IDREF="Site3Antenna1SSTRx2"/>
                </TrackingReceiver>
              </TmNSACU>
              <SNMPInterface>
                <SNMPVersion>3</SNMPVersion>
                <DSCPTableEntryRef IDREF="DiffservLTC"/>
                <NetworkInterfaceRef IDREF="Site3Antenna1ACUIFace"/>
              </SNMPInterface>
            </TmNSManageableApp>
          </TmNSManageableApps>
          <NetworkInterface ID="Site3Antenna1ACUIFace">
            <Name>ACU Computer Interface</Name>
            <InterfaceName>eth0</InterfaceName>
            <DHCPEnable>false</DHCPEnable>
            <IPAddress>10.0.3.4</IPAddress>
            <Netmask>255.255.255.0</Netmask>
            <Gateway>10.0.3.1</Gateway>
            <MACAddress>00:00:00:00:00:00</MACAddress>
            <PhysicalNetworkPort ID="Site3Antenna1ACUPhyNetPort">
              <Name>ACU Computer PhyNetPort</Name>
              <Medium>Copper</Medium>
              <PortNumber>1</PortNumber>
              <PortDataRate>
                <FloatValue>1e9</FloatValue>
                <SIUnits>BitPerSecond</SIUnits>
              </PortDataRate>
            </PhysicalNetworkPort>
          </NetworkInterface>
          <Ports>
            <Port ID="Site3Antenna1ACUPort">
              <Name>ACU Computer Port</Name>
              <PortDirection>Bidirectional</PortDirection>
              <PhysicalNetworkPortRef IDREF="Site3Antenna1ACUPhyNetPort"/>
            </Port>
          </Ports>
        </NetworkNode>

        <Devices>
          <Antenna>
            <Name>Site3Antenna1</Name>
            <Description>Site3 Antenna1</Description>
            <ACU>
              <ManageableAppRef IDREF="Site3Antenna1ACUApp"/>
            </ACU>
            <SSTRxs>
              <ManageableAppRef IDREF="Site3Antenna1SSTRx1"/>
              <ManageableAppRef IDREF="Site3Antenna1SSTRx2"/>
            </SSTRxs>
            <Radios>
              <ManageableAppRef IDREF="Site3Antenna1Radio1App"/>
            </Radios>
          </Antenna>
        </Devices>
      </Network>                <!--End of Antenna Site3 Network-->

      <Network ID="AntennaSite4Network">
        <Name>Antenna Site4 Network</Name>
        <Description>Antenna Site4 Network</Description>
        <NetworkType>GroundNetwork</NetworkType>
        <NetworkServices/>

        <NetworkNode ID="Site4Antenna1Radio1">
          <Name>Site4 Antenna1 Radio1</Name>
          <InventoryID>Site4-Antenna1-Radio1-InvID</InventoryID>
          <TmNSManageableApps>
            <TmNSManageableApp ID="Site4Antenna1Radio1App">
              <RoleID>Site4Antenna1Radio1-001</RoleID>
              <LoggingLevel>Trace</LoggingLevel>
              <ConfigurationVersion>0.0.1</ConfigurationVersion>
              <TmNSRadio>
                <RadioType>Ground Radio</RadioType>
                <TransceiverID>24</TransceiverID>
              </TmNSRadio>
            </TmNSManageableApp>
          </TmNSManageableApps>
          <NetworkInterface ID="Site4Antenna1Radio1IFace">
            <Name>RadioIFace</Name>
            <InterfaceName>eth0</InterfaceName>
            <DHCPEnable>false</DHCPEnable>
            <IPAddress>192.168.4.2</IPAddress>
            <Netmask>255.255.255.0</Netmask>
            <Gateway>192.168.4.1</Gateway>
            <MACAddress>00:00:00:00:00:00</MACAddress>
            <PhysicalNetworkPort ID="Site4Antenna1Radio1PhyNetPort">
              <Name>Network Port</Name>
              <Medium>Copper</Medium>
              <PortNumber>1</PortNumber>
              <PortDataRate>
                <FloatValue>1e9</FloatValue>
                <SIUnits>BitPerSecond</SIUnits>
              </PortDataRate>
            </PhysicalNetworkPort>
          </NetworkInterface>
          <Ports>
            <Port ID="Site4Antenna1Radio1Port">
              <Name>Site4Antenna1Radio1Port</Name>
              <PortDirection>Bidirectional</PortDirection>
              <PhysicalNetworkPortRef IDREF="Site4Antenna1Radio1PhyNetPort"/>
            </Port>
          </Ports>
        </NetworkNode>

        <NetworkNode ID="Site4Antenna1SSTReceivers">
          <Name>Site4Antenna1 SST Receivers</Name>
          <InventoryID>Site4-Antenna1-SSTRx-00010</InventoryID>
          <TmNSManageableApps>
            <TmNSManageableApp ID="Site4Antenna1SSTRx1">
              <Name>Receiver1</Name>
              <RoleID>Site4-Antenna1-SSTRx-00010</RoleID>
              <LoggingLevel>Trace</LoggingLevel>
              <ConfigurationVersion>0.0.1</ConfigurationVersion>
              <TmNSNetworkDevice/>
              <TmNSSSTRx>
                <Channel ID="Site4Antenna1SSTRx1Chan1">
                  <ChannelNumber>30</ChannelNumber>
                  <CenterFrequency>
                    <FloatValue>1800e6</FloatValue>
                    <SIUnits>Hertz</SIUnits>
                  </CenterFrequency>
                </Channel>
                <Channel ID="Site4Antenna1SSTRx1Chan2">
                  <ChannelNumber>33</ChannelNumber>
                  <CenterFrequency>
                    <FloatValue>1950e6</FloatValue>
                    <SIUnits>Hertz</SIUnits>
                  </CenterFrequency>
                </Channel>
              </TmNSSSTRx>
            </TmNSManageableApp>
            <TmNSManageableApp ID="Site4Antenna1SSTRx2">
              <Name>Receiver2</Name>
              <RoleID>Site4-Antenna1-SSTRx2-00011</RoleID>
              <LoggingLevel>Trace</LoggingLevel>
              <ConfigurationVersion>0.0.1</ConfigurationVersion>
              <TmNSNetworkDevice/>
              <TmNSSSTRx>
                <Channel ID="Site4Antenna1SSTRx2Chan1">
                  <ChannelNumber>31</ChannelNumber>
                  <CenterFrequency>
                    <FloatValue>1850e6</FloatValue>
                    <SIUnits>Hertz</SIUnits>
                  </CenterFrequency>
                </Channel>
                <Channel ID="Site4Antenna1SSTRx2Chan2">
                  <ChannelNumber>32</ChannelNumber>
                  <CenterFrequency>
                    <FloatValue>1900e6</FloatValue>
                    <SIUnits>Hertz</SIUnits>
                  </CenterFrequency>
                </Channel>
              </TmNSSSTRx>
            </TmNSManageableApp>
          </TmNSManageableApps>
          <NetworkInterface ID="Site4Antenna1SSTRxIFace">
            <Name>SSTRxIFace</Name>
            <InterfaceName>eth0</InterfaceName>
            <DHCPEnable>false</DHCPEnable>
            <IPAddress>192.168.4.3</IPAddress>
            <Netmask>255.255.255.0</Netmask>
            <Gateway>192.168.4.1</Gateway>
            <MACAddress>00:00:00:00:00:00</MACAddress>
            <PhysicalNetworkPort ID="Site4Antenna1SSTRxPhyNetPort">
              <Name>SST Tx Phy Net Port</Name>
              <Medium>Copper</Medium>
              <PortNumber>1</PortNumber>
              <PortDataRate>
                <FloatValue>1e9</FloatValue>
                <SIUnits>BitPerSecond</SIUnits>
              </PortDataRate>
            </PhysicalNetworkPort>
          </NetworkInterface>
          <NetworkInterface ID="Site4Antenna1SSTRxPrivateIFace">
            <Name>SSTRxPrivateIFace</Name>
            <InterfaceName>eth1</InterfaceName>
            <DHCPEnable>false</DHCPEnable>
            <IPAddress>10.0.4.3</IPAddress>
            <Netmask>255.255.255.0</Netmask>
            <Gateway>10.0.4.1</Gateway>
            <MACAddress>00:00:00:00:00:00</MACAddress>
            <PhysicalNetworkPort ID="Site4Antenna1SSTRxPrivatePhyNetPort">
              <Name>SST Tx Private Phy Net Port</Name>
              <Medium>Copper</Medium>
              <PortNumber>1</PortNumber>
              <PortDataRate>
                <FloatValue>1e9</FloatValue>
                <SIUnits>BitPerSecond</SIUnits>
              </PortDataRate>
            </PhysicalNetworkPort>
          </NetworkInterface>
          <Ports>
            <Port ID="Site4Antenna1SSTRxPort">
              <Name>SSTRxPort</Name>
              <PortDirection>Bidirectional</PortDirection>
              <PhysicalNetworkPortRef IDREF="Site4Antenna1SSTRxPhyNetPort"/>
            </Port>
            <Port ID="Site4Antenna1SSTRxPrivatePort">
              <Name>SSTRxPrivatePort</Name>
              <PortDirection>Bidirectional</PortDirection>
              <PhysicalNetworkPortRef IDREF="Site4Antenna1SSTRxPrivatePhyNetPort"/>
            </Port>
          </Ports>
        </NetworkNode>

        <NetworkNode ID="Site4Antenna1ACU">
          <Name>Site4Antenna1ACU</Name>
          <InventoryID>Site4-Antenna1-ACU-00010</InventoryID>
          <TmNSManageableApps>
            <TmNSManageableApp ID="Site4Antenna1ACUApp">
              <RoleID>Site4-Antenna1-ACU</RoleID>
              <LoggingLevel>Trace</LoggingLevel>
              <ConfigurationVersion>-TBD-</ConfigurationVersion>
              <TmNSACU>
                <TrackingReceiver>
                  <ManageableAppRef IDREF="Site4Antenna1SSTRx2"/>
                </TrackingReceiver>
              </TmNSACU>
              <SNMPInterface>
                <SNMPVersion>3</SNMPVersion>
                <DSCPTableEntryRef IDREF="DiffservLTC"/>
                <NetworkInterfaceRef IDREF="Site4Antenna1ACUIFace"/>
              </SNMPInterface>
            </TmNSManageableApp>
          </TmNSManageableApps>
          <NetworkInterface ID="Site4Antenna1ACUIFace">
            <Name>ACU Computer Interface</Name>
            <InterfaceName>eth0</InterfaceName>
            <DHCPEnable>false</DHCPEnable>
            <IPAddress>10.0.4.4</IPAddress>
            <Netmask>255.255.255.0</Netmask>
            <Gateway>10.0.4.1</Gateway>
            <MACAddress>00:00:00:00:00:00</MACAddress>
            <PhysicalNetworkPort ID="Site4Antenna1ACUPhyNetPort">
              <Name>ACU Computer PhyNetPort</Name>
              <Medium>Copper</Medium>
              <PortNumber>1</PortNumber>
              <PortDataRate>
                <FloatValue>1e9</FloatValue>
                <SIUnits>BitPerSecond</SIUnits>
              </PortDataRate>
            </PhysicalNetworkPort>
          </NetworkInterface>
          <Ports>
            <Port ID="Site4Antenna1ACUPort">
              <Name>ACU Computer Port</Name>
              <PortDirection>Bidirectional</PortDirection>
              <PhysicalNetworkPortRef IDREF="Site4Antenna1ACUPhyNetPort"/>
            </Port>
          </Ports>
        </NetworkNode>

        <Devices>
          <Antenna>
            <Name>Site4Antenna1</Name>
            <Description>Site4 Antenna1</Description>
            <ACU>
              <ManageableAppRef IDREF="Site4Antenna1ACUApp"/>
            </ACU>
            <SSTRxs>
              <ManageableAppRef IDREF="Site4Antenna1SSTRx1"/>
              <ManageableAppRef IDREF="Site4Antenna1SSTRx2"/>
            </SSTRxs>
            <Radios>
              <ManageableAppRef IDREF="Site4Antenna1Radio1App"/>
            </Radios>
          </Antenna>
        </Devices>
      </Network>                <!--End of Antenna Site4 Network-->


      <Network ID="RangeOperationsCenterNetwork">
        <Name>ROC Network</Name>
        <Description>Range Operations Center Network</Description>
        <NetworkType>GroundNetwork</NetworkType>
        <NetworkServices/>

        <NetworkNode ID="RFNetworkManagerComputer">
          <Name>RFNM Computer</Name>
          <InventoryID>RFNM-Computer-InvID</InventoryID>
          <TmNSManageableApps>
            <TmNSManageableApp ID="RFNM">
              <RoleID>RFNM-001</RoleID>
              <LoggingLevel>Trace</LoggingLevel>
              <ConfigurationVersion>0.0.1</ConfigurationVersion>
              <TmNSConsolidatedManager>
                <ManagedApps>
                  <ManageableAppRef IDREF="LinkManager"/>
                  <ManageableAppRef IDREF="Site1Antenna1Radio1App"/>
                  <ManageableAppRef IDREF="Site1Antenna2Radio1App"/>
                  <ManageableAppRef IDREF="Site2Antenna1Radio1App"/>
                  <ManageableAppRef IDREF="Site2Antenna2Radio1App"/>
                  <ManageableAppRef IDREF="Site3Antenna1Radio1App"/>
                  <ManageableAppRef IDREF="Site4Antenna1Radio1App"/>
                </ManagedApps>
              </TmNSConsolidatedManager>
              <TmNSRFNetworkManager>
                <RFNEProtocolServer/> <!--TBD Details by RAN team-->
                <RFNEProtocolServer/> <!--TBD Details by RAN team-->
              </TmNSRFNetworkManager>
            </TmNSManageableApp>
          </TmNSManageableApps>
          <NetworkInterface ID="RFNMIFace">
            <Name>RFNMIFace</Name>
            <InterfaceName>eth0</InterfaceName>
            <DHCPEnable>false</DHCPEnable>
            <IPAddress>192.168.5.2</IPAddress>
            <Netmask>255.255.255.0</Netmask>
            <Gateway>192.168.5.1</Gateway>
            <MACAddress>00:00:00:00:00:00</MACAddress>
            <PhysicalNetworkPort ID="RFNMPhyNetPort">
              <Name>Network Port</Name>
              <Medium>Copper</Medium>
              <PortNumber>1</PortNumber>
              <PortDataRate>
                <FloatValue>1e9</FloatValue>
                <SIUnits>BitPerSecond</SIUnits>
              </PortDataRate>
            </PhysicalNetworkPort>
          </NetworkInterface>
          <Ports>
            <Port ID="RFNMPort">
              <Name>RFNMPort</Name>
              <PortDirection>Bidirectional</PortDirection>
              <PhysicalNetworkPortRef IDREF="RFNMPhyNetPort"/>
            </Port>
          </Ports>
        </NetworkNode>

        <NetworkNode ID="RFNetworkOpsManagerComputer">
          <Name>RFN0 Computer</Name>
          <InventoryID>RFNO-Computer-InvID</InventoryID>
          <TmNSManageableApps>
            <TmNSManageableApp ID="RFNO">
              <RoleID>RFNO-001</RoleID>
              <LoggingLevel>Trace</LoggingLevel>
              <ConfigurationVersion>0.0.1</ConfigurationVersion>
              <TmNSConsolidatedManager>
                <ManagedApps>
                  <ManageableAppRef IDREF="RFNM"/>
                  <ManageableAppRef IDREF="LinkManager"/>
                </ManagedApps>
              </TmNSConsolidatedManager>
            </TmNSManageableApp>
          </TmNSManageableApps>
          <NetworkInterface ID="RFNOIFace">
            <Name>RFNOIFace</Name>
            <InterfaceName>eth0</InterfaceName>
            <DHCPEnable>false</DHCPEnable>
            <IPAddress>192.168.5.3</IPAddress>
            <Netmask>255.255.255.0</Netmask>
            <Gateway>192.168.5.1</Gateway>
            <MACAddress>00:00:00:00:00:00</MACAddress>
            <PhysicalNetworkPort ID="RFNOPhyNetPort">
              <Name>Network Port</Name>
              <Medium>Copper</Medium>
              <PortNumber>1</PortNumber>
              <PortDataRate>
                <FloatValue>1e9</FloatValue>
                <SIUnits>BitPerSecond</SIUnits>
              </PortDataRate>
            </PhysicalNetworkPort>
          </NetworkInterface>
          <Ports>
            <Port ID="RFNOPort">
              <Name>RFNOPort</Name>
              <PortDirection>Bidirectional</PortDirection>
              <PhysicalNetworkPortRef IDREF="RFNOPhyNetPort"/>
            </Port>
          </Ports>
        </NetworkNode>

        <NetworkNode ID="LinkManagerComputer">
          <Name>Link Manager Computer</Name>
          <InventoryID>LM-Computer-InvID</InventoryID>
          <TmNSManageableApps>
            <TmNSManageableApp ID="LinkManager">
              <RoleID>LM-001</RoleID>
              <LoggingLevel>Trace</LoggingLevel>
              <ConfigurationVersion>0.0.1</ConfigurationVersion>
              <TmNSLinkManager>
                <ManagedApps>
                  <ManageableAppRef IDREF="Site1Antenna1Radio1App"/>
                  <ManageableAppRef IDREF="Site1Antenna2Radio1App"/>
                  <ManageableAppRef IDREF="Site2Antenna1Radio1App"/>
                  <ManageableAppRef IDREF="Site2Antenna2Radio1App"/>
                  <ManageableAppRef IDREF="Site3Antenna1Radio1App"/>
                  <ManageableAppRef IDREF="Site4Antenna1Radio1App"/>
                </ManagedApps>
                <RFNEProtocolServer/> <!--TBD Details by RAN team-->
                <RFNEProtocolServer/> <!--TBD Details by RAN team-->
              </TmNSLinkManager>
            </TmNSManageableApp>
          </TmNSManageableApps>
          <NetworkInterface ID="LMIFace">
            <Name>LMIFace</Name>
            <InterfaceName>eth0</InterfaceName>
            <DHCPEnable>false</DHCPEnable>
            <IPAddress>192.168.5.4</IPAddress>
            <Netmask>255.255.255.0</Netmask>
            <Gateway>192.168.5.1</Gateway>
            <MACAddress>00:00:00:00:00:00</MACAddress>
            <PhysicalNetworkPort ID="LMPhyNetPort">
              <Name>Network Port</Name>
              <Medium>Copper</Medium>
              <PortNumber>1</PortNumber>
              <PortDataRate>
                <FloatValue>1e9</FloatValue>
                <SIUnits>BitPerSecond</SIUnits>
              </PortDataRate>
            </PhysicalNetworkPort>
          </NetworkInterface>
          <Ports>
            <Port ID="LMPort">
              <Name>LMPort</Name>
              <PortDirection>Bidirectional</PortDirection>
              <PhysicalNetworkPortRef IDREF="LMPhyNetPort"/>
            </Port>
          </Ports>
        </NetworkNode>

        <NetworkNode ID="SSTManagerComputer">
          <Name>SST Manager Computer</Name>
          <InventoryID>SST-Manager-Computer-InvID</InventoryID>
          <TmNSManageableApps>
            <TmNSManageableApp ID="SSTManager">
              <RoleID>SST-Manager-001</RoleID>
              <LoggingLevel>Trace</LoggingLevel>
              <ConfigurationVersion>0.0.1</ConfigurationVersion>
              <TmNSConsolidatedManager>
                <ManagedApps>
                  <ManageableAppRef IDREF="Site1Antenna1SSTRx1"/>
                  <ManageableAppRef IDREF="Site1Antenna2SSTRx1"/>
                  <ManageableAppRef IDREF="Site2Antenna1SSTRx1"/>
                  <ManageableAppRef IDREF="Site2Antenna2SSTRx1"/>
                  <ManageableAppRef IDREF="Site3Antenna1SSTRx1"/>
                  <ManageableAppRef IDREF="Site4Antenna1SSTRx1"/>
                </ManagedApps>
              </TmNSConsolidatedManager>
            </TmNSManageableApp>
          </TmNSManageableApps>
          <NetworkInterface ID="SSTMgrIFace">
            <Name>SSTMgrIFace</Name>
            <InterfaceName>eth0</InterfaceName>
            <DHCPEnable>false</DHCPEnable>
            <IPAddress>192.168.5.5</IPAddress>
            <Netmask>255.255.255.0</Netmask>
            <Gateway>192.168.5.1</Gateway>
            <MACAddress>00:00:00:00:00:00</MACAddress>
            <PhysicalNetworkPort ID="SSTMgrPhyNetPort">
              <Name>Network Port</Name>
              <Medium>Copper</Medium>
              <PortNumber>1</PortNumber>
              <PortDataRate>
                <FloatValue>1e9</FloatValue>
                <SIUnits>BitPerSecond</SIUnits>
              </PortDataRate>
            </PhysicalNetworkPort>
          </NetworkInterface>
          <Ports>
            <Port ID="SSTMgrPort">
              <Name>SSTMgrPort</Name>
              <PortDirection>Bidirectional</PortDirection>
              <PhysicalNetworkPortRef IDREF="SSTMgrPhyNetPort"/>
            </Port>
          </Ports>
        </NetworkNode>
      </Network>                <!--End of Range Operations Center Network-->

    </Network>
  </NetworkDomains>

  <DSCPTable>
    <ReadOnly>true</ReadOnly>
    <Owner>SDD Range Rules</Owner>
    <DSCPTableEntry ID="DiffservGeneral">
      <Name>Diffserv General (Best Effort)</Name>
      <Description>Diffserv General (Best Effort PHB)</Description>
      <DSCPValue>0b000000</DSCPValue>
    </DSCPTableEntry>
    <DSCPTableEntry ID="DiffservRCNormalSMStatus">
      <Name>Diffserv RC Normal and System Management Status(Assured Forwarding DSCP 8)</Name>
      <Description>Diffserv RC Normal and System Management Status (Assured Forwarding DSCP 8)</Description>
      <DSCPValue>0b001000</DSCPValue>
    </DSCPTableEntry>
    <DSCPTableEntry ID="DiffservLTC">
      <Name>Diffserv LTC (Assured Forwarding DSCP 16)</Name>
      <Description>Diffserv LTC (Assured Forwarding DSCP 16)</Description>
      <DSCPValue>0b010000</DSCPValue>
    </DSCPTableEntry>
    <DSCPTableEntry ID="DiffservRCHigh">
      <Name>Diffserv RC High (Assured Forwarding DSCP 24)</Name>
      <Description>Diffserv RC High (Assured Forwarding DSCP 24)</Description>
      <DSCPValue>0b011000</DSCPValue>
    </DSCPTableEntry>
    <DSCPTableEntry ID="DiffservSMVideo">
      <Name>Diffserv System Management and Video (Assured Forwarding DSCP 32)</Name>
      <Description>Diffserv System Management and Video (Assured Forwarding DSCP 32)</Description>
      <DSCPValue>0b100000</DSCPValue>
    </DSCPTableEntry>
    <DSCPTableEntry ID="DiffservVoice">
      <Name>Diffserv Voice (Expedited Forwarding DSCP 40)</Name>
      <Description>Diffserv Voice (Expedited Forwarding PHB)</Description>
      <DSCPValue>0b101000</DSCPValue>
    </DSCPTableEntry>
    <DSCPTableEntry ID="DiffservRANMsg">
      <Name>Diffserv RAN Messaging (DSCP 48)</Name>
      <Description>Diffserv RAN Messaging (DSCP 48)</Description>
      <DSCPValue>0b110000</DSCPValue>
    </DSCPTableEntry>
    <DSCPTableEntry ID="DiffservLMMsg">
      <Name>Diffserv Link Manager Messages (DSCP 56)</Name>
      <Description>Diffserv Link Manager Messages (DSCP 56)</Description>
      <DSCPValue>0b111000</DSCPValue>
    </DSCPTableEntry>
  </DSCPTable>
  <SupportedMCAs>
    <ReadOnly>true</ReadOnly>
    <Owner>SDD Range Rules</Owner>
    <SupportedMCA>
      <Description>1st Example Multicast Address for TmNS Message Delivery</Description>
      <MulticastAddress>239.192.0.1</MulticastAddress>
    </SupportedMCA>
    <SupportedMCA>
      <Description>2nd Example Multicast Address for TmNS Message Delivery</Description>
      <MulticastAddress>239.192.0.2</MulticastAddress>
    </SupportedMCA>
    <SupportedMCA>
      <Description>3rd Example Multicast Address for TmNS Message Delivery</Description>
      <MulticastAddress>239.192.0.3</MulticastAddress>
    </SupportedMCA>
    <SupportedMCA>
      <Description>4th Example Multicast Address for TmNS Message Delivery</Description>
      <MulticastAddress>239.192.0.4</MulticastAddress>
    </SupportedMCA>
    <SupportedMCA>
      <Description>5th Example Multicast Address for TmNS Message Delivery</Description>
      <MulticastAddress>239.192.0.5</MulticastAddress>
    </SupportedMCA>
  </SupportedMCAs>
</MDLRoot>
