<?xml version='1.0' encoding='UTF-8' standalone='yes'?>
<MessageDefinitionDomains xmlns:xsi="http://www.w3.org/2001/XMLSchema-instance" xmlns="http://inetprogram.org/projects/MDL" xmlns:mdl="http://inetprogram.org/projects/MDL" xsi:schemaLocation="http://inetprogram.org/MDL_v0_8_1.xsd">
  <MessageDefinitionDomain>
    <TmNSVersion>-TBD-</TmNSVersion>
    <TmNSCompleteness>false</TmNSCompleteness>
    <TmNSCompletenessDescription>-TBD-</TmNSCompletenessDescription>
    <Units>
      <DerivedUnit ID="GForceUnits">
	<Name>G Force</Name>
	<UnitsNumerator>
	  <NumericalConstant>9.80665</NumericalConstant>
	  <SIUnits>MeterPerSecondSquared</SIUnits>
	</UnitsNumerator>
      </DerivedUnit>
      <DerivedUnit ID="PercentVoltUnits">
	<Name>Percent of full scale voltage</Name>
	<UnitsNumerator>
	  <NumericalConstant>100</NumericalConstant>
	  <SIUnits>Volt</SIUnits>
	</UnitsNumerator>
	<UnitsDenominator>
	  <NumericalConstant>1</NumericalConstant>
	  <SIUnits>Volt</SIUnits>
	</UnitsDenominator>
      </DerivedUnit>
    </Units>
    <Measurements>
      <Measurement ID="GEARVIB001">
	<Name>GEARVIB</Name>
        <Description>Gear Box Vibration</Description>
        <MeasurementID>0x00000001</MeasurementID>
        <MeasurementType>
          <MeasurementTypeEnum>Analog</MeasurementTypeEnum>
        </MeasurementType>
        <MeasurementStatus>Active</MeasurementStatus>
	<InputPort ID="GearVibInputPort">
	  <PortDirection>Input</PortDirection>
	</InputPort>
        <OutputPort ID="GearVibOutputPort">
          <PortDirection>Output</PortDirection>
        </OutputPort>
        <Requirements>
	  <UnitsRef IDREF="GForceUnits"/>
	  <Uncertainty>
	    <ConfidenceInterval>
              <ConditionParameter>
                <ConditionOperation>&lt;</ConditionOperation>
                <ConditionValueFloat>0.2</ConditionValueFloat>
		<UnitsRef IDREF="GForceUnits"/>
              </ConditionParameter>
	    </ConfidenceInterval>
	    <ConfidenceLevel>95</ConfidenceLevel>
	  </Uncertainty>
          <AnalogAttributes>
            <SignalRange>
              <ConditionParameter>
                <ConditionOperation>&gt;=</ConditionOperation>
                <ConditionValueFlex>-3</ConditionValueFlex>
		<UnitsRef IDREF="GForceUnits"/>
              </ConditionParameter>
              <ConditionParameter>
                <ConditionOperation>&lt;=</ConditionOperation>
                <ConditionValueFlex>3</ConditionValueFlex>
		<UnitsRef IDREF="GForceUnits"/>
              </ConditionParameter>
	    </SignalRange>
            <Resolution>
              <ConditionParameter>
                <ConditionOperation>&lt;</ConditionOperation>
                <ConditionValueFloat>0.05</ConditionValueFloat>
		<UnitsRef IDREF="GForceUnits"/>
              </ConditionParameter>
            </Resolution>
            <FrequencyContent>
              <FrequencyBand>
                <BandType>PassBand</BandType>
                <EdgeFrequency>
                  <ConditionParameter>
                    <ConditionOperation>==</ConditionOperation>
                    <ConditionValueFlex>200</ConditionValueFlex>
                    <SIUnits>Hertz</SIUnits>
                  </ConditionParameter>
                </EdgeFrequency>
              </FrequencyBand>
	      <PercentSignal>99</PercentSignal>
            </FrequencyContent>
          </AnalogAttributes>
        </Requirements>
        <Implementation>
	  <MeasurementSource/>
	</Implementation>
      </Measurement>
    </Measurements>
    <SampledMeasurements>
      <SampledMeasurement ID="GearVibSampledMeasID">
	<Name>GearVibSM</Name>
        <MeasurementID>0x00000002</MeasurementID>
        <MeasurementStatus>Active</MeasurementStatus>
	<InputPort ID="GearVibSMInputPort">
	  <PortDirection>Input</PortDirection>
	</InputPort>
	<OutputPort ID="GearVibSMOutputPort">
	  <PortDirection>Output</PortDirection>
	</OutputPort>
	<Requirements>
	  <AnalogAttributes>
	    <SignalRange>
              <ConditionParameter>
                <ConditionOperation>&gt;=</ConditionOperation>
                <ConditionValueFloat>-1.5</ConditionValueFloat>
                <SIUnits>Volt</SIUnits>
              </ConditionParameter>
              <ConditionParameter>
                <ConditionOperation>&lt;=</ConditionOperation>
                <ConditionValueFloat>1.5</ConditionValueFloat>
                <SIUnits>Volt</SIUnits>
              </ConditionParameter>
	    </SignalRange>
            <Resolution>
              <ConditionParameter>
                <ConditionOperation>&lt;</ConditionOperation>
                <ConditionValueFloat>0.025</ConditionValueFloat>
                <SIUnits>Volt</SIUnits>
              </ConditionParameter>
            </Resolution>
	  </AnalogAttributes>
	  <DigitalAttributes>
	    <DataLength>
              <ConditionParameter>
                <ConditionOperation>==</ConditionOperation>
                <ConditionValueFloat>12</ConditionValueFloat>
                <SIUnits>Bit</SIUnits>
              </ConditionParameter>
	    </DataLength>
	    <Endianness>
	      <EndiannessEnum>BigEndian</EndiannessEnum>
	    </Endianness>
	    <DigitalEncoding>
	      <DigitalEncodingEnum>SignedBinary</DigitalEncodingEnum>
	    </DigitalEncoding>
	    <ActiveInputRange>
              <ConditionParameter>
                <ConditionOperation>&lt;=</ConditionOperation>
                <ConditionValueFloat>98.3</ConditionValueFloat>
                <UnitsRef IDREF="PercentVoltUnits"/>
              </ConditionParameter>
              <ConditionParameter>
                <ConditionOperation>&gt;=</ConditionOperation>
                <ConditionValueFloat>1.17</ConditionValueFloat>
                <UnitsRef IDREF="PercentVoltUnits"/>
              </ConditionParameter>
	    </ActiveInputRange>
	  </DigitalAttributes>
	</Requirements>
      </SampledMeasurement>
    </SampledMeasurements>
    <Devices>
      <Device ID="GearVibTransducer">
	  <Name>Gear Vibration Accelerometer Transducer</Name>
	  <Description>This operation represents the accelerometer transducer transfer function.</Description>
	  <Manufacturer>Endevco</Manufacturer>
	  <ModelNumber>752-500</ModelNumber>
	  <SerialNumber>000125</SerialNumber>
	  <DeviceType>Accelerometer</DeviceType>
	  <Excitation>
            <ConditionOperation>==</ConditionOperation>
            <ConditionValueFloat>24</ConditionValueFloat>
	    <SIUnits>Volt</SIUnits>
	  </Excitation>
	  <Calibration>
            <CalibrationDate>2010-10-24</CalibrationDate>
	    <CalibrationPair>
	      <InputValue>
		<ConditionOperation>==</ConditionOperation>
		<ConditionValueFloat>-3</ConditionValueFloat>
		<UnitsRef IDREF="GForceUnits"/>
	      </InputValue>
	      <OutputValue>
		<ConditionOperation>==</ConditionOperation>
		<ConditionValueFloat>-1.43</ConditionValueFloat>
		<SIUnits>Volt</SIUnits>
	      </OutputValue>
	    </CalibrationPair>
	    <CalibrationPair>
	      <InputValue>
		<ConditionOperation>==</ConditionOperation>
		<ConditionValueFloat>3</ConditionValueFloat>
		<UnitsRef IDREF="GForceUnits"/>
	      </InputValue>
	      <OutputValue>
		<ConditionOperation>==</ConditionOperation>
		<ConditionValueFloat>1.52</ConditionValueFloat>
		<SIUnits>Volt</SIUnits>
	      </OutputValue>
	    </CalibrationPair>
	  </Calibration>
      </Device>
    </Devices>
    <Operations>
      <DataOperations>
	<DataOperation>
	  <Name>Accelerometer Transducer</Name>
	  <Description>This operation represents the accelerometer transducer transfer function.</Description>
	  <InputPorts>
	    <InputPort ID="TransducerInputPort">
	      <PortDirection>Input</PortDirection>
	    </InputPort>
	  </InputPorts>
	  <OutputPort ID="TransducerOutputPort">
	      <PortDirection>Output</PortDirection>
	  </OutputPort>
	  <Method>
	    <MathematicalExpression>
	      <OutputPortRef IDREF="TransducerOutputPort"/>
	      <PolynomialNumerator>
		<Term>
		  <Coefficient>0.4917</Coefficient>
		  <InputPortRef IDREF="TransducerInputPort"/>
		</Term>
		<Term>
		  <Coefficient>0.045</Coefficient>
		</Term>
	      </PolynomialNumerator>
	    </MathematicalExpression>
	  </Method>
	  <DeviceRef IDREF="GearVibTransducer"/>
	  <InputUnits>
	    <UnitsRef IDREF="GForceUnits"/>
	  </InputUnits>
	  <OutputUnits>
	    <SIUnits>Volt</SIUnits>
	  </OutputUnits>
	</DataOperation>
	<DataOperation>
	  <Name>IU Bit Weighting</Name>
	  <Description>This operation represents the conversion from Counts to Volts.</Description>
	  <InputPorts>
	    <InputPort ID="BitWeightingInputPort">
	      <PortDirection>Input</PortDirection>
	    </InputPort>
	  </InputPorts>
	  <OutputPort ID="BitWeightingOutputPort">
	      <PortDirection>Output</PortDirection>
	  </OutputPort>
	  <Method>
	    <MathematicalExpression>
	      <OutputPortRef IDREF="BitWeightingOutputPort"/>
	      <PolynomialNumerator>
		<Term>
		  <Coefficient>0.000732</Coefficient>
		  <InputPortRef IDREF="BitWeightingInputPort"/>
		</Term>
	      </PolynomialNumerator>
	    </MathematicalExpression>
	  </Method>
	  <InputUnits>
	    <SIUnits>Counts</SIUnits>
	  </InputUnits>
	  <OutputUnits>
	    <SIUnits>Volt</SIUnits>
	  </OutputUnits>
	</DataOperation>
	<DataOperation>
	  <Name>Inverse Transducer</Name>
	  <Description>This operation represents the inverse of the transducer to convert from volts to G's.  The equation is  G's = (Vin - 0.045) / 0.4917</Description>
	  <InputPorts>
	    <InputPort ID="InverseTransducerInputPort">
	      <PortDirection>Input</PortDirection>
	    </InputPort>
	  </InputPorts>
	  <OutputPort ID="InverseTransducerOutputPort">
	      <PortDirection>Output</PortDirection>
	  </OutputPort>
	  <Method>
	    <MathematicalExpression>
	      <OutputPortRef IDREF="InverseTransducerOutputPort"/>
	      <PolynomialNumerator>
		<Term>
		  <Coefficient>1.0</Coefficient>
		  <InputPortRef IDREF="InverseTransducerInputPort"/>
		</Term>
		<Term>
		  <Coefficient>-0.045</Coefficient>
		</Term>
	      </PolynomialNumerator>
	      <PolynomialDenominator>
		<Term>
		  <Coefficient>0.4917</Coefficient>
		</Term>
	      </PolynomialDenominator>
	    </MathematicalExpression>
	  </Method>
	  <InputUnits>
	    <SIUnits>Volt</SIUnits>
	  </InputUnits>
	  <OutputUnits>
	    <UnitsRef IDREF="GForceUnits"/>
	  </OutputUnits>
	</DataOperation>
      </DataOperations>
    </Operations>
    <Networks>
      <Network>
        <Name>Example Network</Name>
        <NetworkType>TmNS</NetworkType>
        <NetworkNode ID="Dau1">
          <Name>Dau1</Name>
          <InventoryID>Dau1</InventoryID>
	  <InternalStructure></InternalStructure>
	  <LogicalLocation></LogicalLocation>
          <RoleID>Dau1</RoleID>
          <TmNSDAU/>
          <NetworkInterface ID="Dau1IFace">
            <Name>Dau1IFace</Name>
            <InterfaceName>Eth0</InterfaceName>
            <DHCPEnable>false</DHCPEnable>
            <IPAddress>192.168.0.21</IPAddress>
            <Netmask>255.255.255.0</Netmask>
            <Gateway>192.168.0.1</Gateway>
            <MACAddress>00:00:00:00:00:00</MACAddress>
            <PhysicalNetworkPort>
	      <Medium>Copper</Medium>
	      <PortNumber>1</PortNumber>
	      <PortDataRate>
		<FloatValue>1e8</FloatValue>
		<SIUnits>BitPerSecond</SIUnits>
	      </PortDataRate>
            </PhysicalNetworkPort>
          </NetworkInterface>
	  <Pins>
	    <Pin ID="Pin1ID" Index="1">
	      <Description>This is the first analog input pin on the card</Description>
	    </Pin>
	  </Pins>
          <Ports>
	    <Port ID="Dau1Pin1InputPort">
	      <PortDirection>Input</PortDirection>
	      <PinRef IDREF="Pin1ID"/>
	    </Port>
            <Port ID="Dau1NetworkPort">
              <Name>Dau1Port</Name>
              <PortDirection>Bidirectional</PortDirection>
            </Port>
          </Ports>
        </NetworkNode>
      </Network>
    </Networks>
    <PortMappings>
      <PortMapping>
	<PortRef IDREF="GearVibOutputPort"/>
	<PortRef IDREF="TransducerInputPort"/>
      </PortMapping>
      <PortMapping>
	<PortRef IDREF="TransducerOutputPort"/>
	<PortRef IDREF="GearVibSMInputPort"/>
      </PortMapping>
      <PortMapping>
	<PortRef IDREF="GearVibSMOutputPort"/>
	<PortRef IDREF="Dau1Pin1InputPort"/>
      </PortMapping>
      <PortMapping>
	<PortRef IDREF="GearVibSMOutputPort"/>
	<PortRef IDREF="BitWeightingInputPort"/>
      </PortMapping>
      <PortMapping>
	<PortRef IDREF="BitWeightingOutputPort"/>
	<PortRef IDREF="InverseTransducerInputPort"/>
      </PortMapping>
      <PortMapping>
	<PortRef IDREF="InverseTransducerOutputPort"/>
	<PortRef IDREF="GearVibInputPort"/>
      </PortMapping>
    </PortMappings>
  </MessageDefinitionDomain>
</MessageDefinitionDomains>
