<?xml version="1.0" encoding="utf-8"?>
<MessageDefinitionDomains xmlns:xsi="http://www.w3.org/2001/XMLSchema-instance" xmlns="http://inetprogram.org/projects/MDL" xmlns:mdl="http://inetprogram.org/projects/MDL" xsi:schemaLocation="http://inetprogram.org/MDL_v0_8_1.xsd">
  <MessageDefinitionDomain>
    <TmNSVersion>0.0.1</TmNSVersion>
    <TmNSCompleteness>true</TmNSCompleteness>
    <TmNSCompletenessDescription>Complete</TmNSCompletenessDescription>
    <Units>
      <DerivedUnit ID="GForceUnits">
	<Name>G Force</Name>
	<Symbol>G</Symbol>
	<UnitsNumerator>
	  <NumericalConstant>9.80665</NumericalConstant>
	  <SIUnits>Meter</SIUnits>
	</UnitsNumerator>
	<UnitsDenominator>
	  <NumericalConstant>1</NumericalConstant>
	  <SIUnits>Second</SIUnits>
	</UnitsDenominator>
	<UnitsDenominator>
	  <NumericalConstant>1</NumericalConstant>
	  <SIUnits>Second</SIUnits>
	</UnitsDenominator>
      </DerivedUnit>
      <DerivedUnit ID="Bits16EU">
	<Name>Two Bytes</Name>
	<Description>16 binary digits (2 bytes)</Description>
	<UnitsNumerator>
	  <NumericalConstant>16</NumericalConstant>
	  <SIUnits>Bit</SIUnits>
	</UnitsNumerator>
	<UnitsDenominator>
	  <NumericalConstant>1</NumericalConstant>
	  <SIUnits>Unitless</SIUnits>
	</UnitsDenominator>
      </DerivedUnit>
      <DerivedUnit ID="MbpsEU">
	<Name>Mega-bits per seconds</Name>
	<Description>rate - number of Mega-bits per second</Description>
	<Symbol>Mbps</Symbol>
	<UnitsNumerator>
	  <NumericalConstant>1000000</NumericalConstant>
	  <SIUnits>BitPerSecond</SIUnits>
	</UnitsNumerator>
	<UnitsDenominator>
	  <NumericalConstant>1</NumericalConstant>
	  <SIUnits>Unitless</SIUnits>
	</UnitsDenominator>
      </DerivedUnit>
      <DerivedUnit ID="SecondsSI_Sq">
	<Name>seconds squared</Name>
	<Description>square seconds</Description>
	<Symbol>s^2</Symbol>
	<UnitsNumerator>
	  <NumericalConstant>1</NumericalConstant>
	  <SIUnits>Second</SIUnits>
	</UnitsNumerator>
	<UnitsNumerator>
	  <NumericalConstant>1</NumericalConstant>
	  <SIUnits>Second</SIUnits>
	</UnitsNumerator>
	<UnitsDenominator>
	  <NumericalConstant>1</NumericalConstant>
	  <SIUnits>Unitless</SIUnits>
	</UnitsDenominator>
      </DerivedUnit>
      <DerivedUnit ID="FeetEU">
	<Name>Feet</Name>
	<UnitsNumerator>
	  <NumericalConstant>0.3048</NumericalConstant>
	  <SIUnits>Meter</SIUnits>
	</UnitsNumerator>
	<UnitsDenominator>
	  <NumericalConstant>1</NumericalConstant>
	  <SIUnits>Unitless</SIUnits>
	</UnitsDenominator>
      </DerivedUnit>
      <DerivedUnit ID="CelsiusEU">
	<Name>Celsius</Name>
	<Description> unit of temperature, derived from Kelvin (K + 273) </Description>
	<Symbol>C</Symbol>
	<UnitsNumerator>
	  <NumericalConstant>1</NumericalConstant>
	  <SIUnits>Kelvin</SIUnits>
	</UnitsNumerator>
	<UnitsDenominator>
	  <NumericalConstant>1</NumericalConstant>
	  <SIUnits>Unitless</SIUnits>
	</UnitsDenominator>
	<AddedConstant>273</AddedConstant>
      </DerivedUnit>
    </Units>
    <Packages>
      <PackageDefinition ID="PCM_Ex1_Definition">
	<AggregateRate>
	  <AverageRate>1000</AverageRate>
	  <PeakRate>2000</PeakRate>
	  <SIUnits>Hertz</SIUnits>
	</AggregateRate>
	<PackageDefinitionID>0x00001001</PackageDefinitionID>
	<StandardPackageHeader>true</StandardPackageHeader>
	<PackageHeaderDefinition>
	  <PackageHeaderStructure>
	    <PackageLengthField>
	      <FixedPackageLength>
		<FlexValue>70</FlexValue>
		<UnitsRef IDREF="Bits16EU"/>
	      </FixedPackageLength>
	    </PackageLengthField>
	  </PackageHeaderStructure>
	</PackageHeaderDefinition>
	<PackageStructureRef IDREF="PCM_Ex1_Major_Frame"/>
	<DataMap>
	  <DataWordToFieldMap>
	    <DataWord>
	      <DataWordWidth>
		<FlexValue>32</FlexValue>
		<SIUnits>Bit</SIUnits>
	      </DataWordWidth>
	      <Syllable>
		<ConstantValue>0x40404040</ConstantValue>
	      </Syllable>
	    </DataWord>
	    <PackageFieldRef IDREF="FrameSync_PDF"/>
	    <TimeOrder>
	      <TimeOrderEnum>IncreasingTemporal</TimeOrderEnum>
	    </TimeOrder>
	  </DataWordToFieldMap>
	  <DataWordToFieldMap>
	    <DataWord>
	      <DataWordWidth>
		<FlexValue>16</FlexValue>
		<SIUnits>Bit</SIUnits>
	      </DataWordWidth>
	    </DataWord>
	    <PackageFieldRef IDREF="SubframeID_PDF"/>
	    <TimeOrder>
	      <TimeOrderEnum>IncreasingTemporal</TimeOrderEnum>
	    </TimeOrder>
	  </DataWordToFieldMap>
	</DataMap>
      </PackageDefinition>
      <PackageDefinition ID="PCM_Ex2_Definition">
	<AggregateRate>
	  <AverageRate>1000</AverageRate>
	  <PeakRate>2000</PeakRate>
	  <SIUnits>Hertz</SIUnits>
	</AggregateRate>
	<PackageDefinitionID>0x00002002</PackageDefinitionID>
	<StandardPackageHeader>true</StandardPackageHeader>
	<PackageHeaderDefinition>
	  <PackageHeaderStructure>
	    <PackageLengthField>
	      <FixedPackageLength>
		<FlexValue>54</FlexValue>
		<UnitsRef IDREF="Bits16EU"/>
	      </FixedPackageLength>
	    </PackageLengthField>
	  </PackageHeaderStructure>
	</PackageHeaderDefinition>
	<PackageStructureRef IDREF="PCM_Ex2_Major_Frame"/>
	<DataMap>
	  <DataWordToFieldMap>
	    <DataWord>
	      <DataWordWidth>
		<FlexValue>2</FlexValue>
		<UnitsRef IDREF="Bits16EU"/>
	      </DataWordWidth>
	      <Syllable>
		<ConstantValue>0x3F3F3F3F</ConstantValue>
	      </Syllable>
	    </DataWord>
	    <PackageFieldRef IDREF="FrameSync_PDF_2"/>
	    <TimeOrder>
	      <TimeOrderEnum>IncreasingTemporal</TimeOrderEnum>
	    </TimeOrder>
	  </DataWordToFieldMap>
	  <DataWordToFieldMap>
	    <DataWord>
	      <DataWordWidth>
		<FlexValue>1</FlexValue>
		<UnitsRef IDREF="Bits16EU"/>
	      </DataWordWidth>
	    </DataWord>
	    <PackageFieldRef IDREF="SubframeID_PDF_2"/>
	    <TimeOrder>
	      <TimeOrderEnum>IncreasingTemporal</TimeOrderEnum>
	    </TimeOrder>
	  </DataWordToFieldMap>
	</DataMap>
      </PackageDefinition>
      <PackageStructure ID="PCM_Ex1_Major_Frame">
	<Name>PCM Major Frame Example 1</Name>
	<Description>Description of PCM Major Frame # 1assuming a standard PackageHeader</Description>
	<PackageDataField ID="FrameSync_PDF">
	  <Name>FrameSync</Name>
	  <FieldLocation>
	    <FieldOffset>
	      <OffsetValue>
		<FlexValue>6</FlexValue>
		<UnitsRef IDREF="Bits16EU"/>
	      </OffsetValue>
	    </FieldOffset>
	    <FieldWidth>
	      <FlexValue>2</FlexValue>
	      <UnitsRef IDREF="Bits16EU"/>
	    </FieldWidth>
	  </FieldLocation>
	  <FieldEncoding>
	    <Endianness>
	      <EndiannessEnum>BigEndian</EndiannessEnum>
	    </Endianness>
	    <DigitalEncoding>
	      <DigitalEncodingEnum>UnsignedBinary</DigitalEncodingEnum>
	    </DigitalEncoding>
	  </FieldEncoding>
	  <FieldRepetitions>4</FieldRepetitions>
	  <FieldOffsetIncrement>
	    <FlexValue>14</FlexValue>
	    <UnitsRef IDREF="Bits16EU"/>
	  </FieldOffsetIncrement>
	</PackageDataField>
	<PackageDataField ID="SubframeID_PDF">
	  <Name>SubFrameID</Name>
	  <FieldLocation>
	    <FieldOffset>
	      <OffsetValue>
		<FlexValue>8</FlexValue>
		<UnitsRef IDREF="Bits16EU"/>
	      </OffsetValue>
	    </FieldOffset>
	    <FieldWidth>
	      <FlexValue>1</FlexValue>
	      <UnitsRef IDREF="Bits16EU"/>
	    </FieldWidth>
	  </FieldLocation>
	  <FieldEncoding>
	    <Endianness>
	      <EndiannessEnum>BigEndian</EndiannessEnum>
	    </Endianness>
	    <DigitalEncoding>
	      <DigitalEncodingEnum>UnsignedBinary</DigitalEncodingEnum>
	    </DigitalEncoding>
	  </FieldEncoding>
	  <FieldRepetitions>4</FieldRepetitions>
	  <FieldOffsetIncrement>
	    <FlexValue>15</FlexValue>
	    <UnitsRef IDREF="Bits16EU"/>
	  </FieldOffsetIncrement>
	</PackageDataField>
	<PackageDataField ID="PDF_C">
	  <Name>PDF_C</Name>
	  <FieldLocation>
	    <FieldOffset>
	      <OffsetValue>
		<FlexValue>11</FlexValue>
		<UnitsRef IDREF="Bits16EU"/>
	      </OffsetValue>
	    </FieldOffset>
	    <FieldWidth>
	      <FlexValue>1</FlexValue>
	      <UnitsRef IDREF="Bits16EU"/>
	    </FieldWidth>
	  </FieldLocation>
	  <FieldEncoding>
	    <Endianness>
	      <EndiannessEnum>BigEndian</EndiannessEnum>
	    </Endianness>
	    <DigitalEncoding>
	      <DigitalEncodingEnum>Two'sComplement</DigitalEncodingEnum>
	    </DigitalEncoding>
	  </FieldEncoding>
	  <FieldRepetitions>1</FieldRepetitions>
	</PackageDataField>
	<PackageDataField ID="PDF_D">
	  <Name>PDF_D</Name>
	  <FieldLocation>
	    <FieldOffset>
	      <OffsetValue>
		<FlexValue>12</FlexValue>
		<UnitsRef IDREF="Bits16EU"/>
	      </OffsetValue>
	    </FieldOffset>
	    <FieldWidth>
	      <FlexValue>1</FlexValue>
	      <UnitsRef IDREF="Bits16EU"/>
	    </FieldWidth>
	  </FieldLocation>
	  <FieldEncoding>
	    <Endianness>
	      <EndiannessEnum>BigEndian</EndiannessEnum>
	    </Endianness>
	    <DigitalEncoding>
	      <DigitalEncodingEnum>Two'sComplement</DigitalEncodingEnum>
	    </DigitalEncoding>
	  </FieldEncoding>
	  <FieldRepetitions>4</FieldRepetitions>
	  <FieldOffsetIncrement>
	    <FlexValue>15</FlexValue>
	    <UnitsRef IDREF="Bits16EU"/>
	  </FieldOffsetIncrement>
	</PackageDataField>
	<PackageDataField ID="PDF_G">
	  <Name>PDF_G</Name>
	  <FieldLocation>
	    <FieldOffset>
	      <OffsetValue>
		<FlexValue>15</FlexValue>
		<UnitsRef IDREF="Bits16EU"/>
	      </OffsetValue>
	    </FieldOffset>
	    <FieldWidth>
	      <FlexValue>1</FlexValue>
	      <UnitsRef IDREF="Bits16EU"/>
	    </FieldWidth>
	  </FieldLocation>
	  <FieldEncoding>
	    <Endianness>
	      <EndiannessEnum>BigEndian</EndiannessEnum>
	    </Endianness>
	    <DigitalEncoding>
	      <DigitalEncodingEnum>Two'sComplement</DigitalEncodingEnum>
	    </DigitalEncoding>
	  </FieldEncoding>
	  <FieldRepetitions>1</FieldRepetitions>
	</PackageDataField>
	<PackageDataField ID="PDF_H">
	  <Name>PDF_H</Name>
	  <FieldLocation>
	    <FieldOffset>
	      <OffsetValue>
		<FlexValue>18</FlexValue>
		<UnitsRef IDREF="Bits16EU"/>
	      </OffsetValue>
	    </FieldOffset>
	    <FieldWidth>
	      <FlexValue>1</FlexValue>
	      <UnitsRef IDREF="Bits16EU"/>
	    </FieldWidth>
	  </FieldLocation>
	  <FieldEncoding>
	    <Endianness>
	      <EndiannessEnum>BigEndian</EndiannessEnum>
	    </Endianness>
	    <DigitalEncoding>
	      <DigitalEncodingEnum>Two'sComplement</DigitalEncodingEnum>
	    </DigitalEncoding>
	  </FieldEncoding>
	  <FieldRepetitions>4</FieldRepetitions>
	  <FieldOffsetIncrement>
	    <FlexValue>15</FlexValue>
	    <UnitsRef IDREF="Bits16EU"/>
	  </FieldOffsetIncrement>
	</PackageDataField>
	<PackageDataFieldSet ID="PDF_A">
	  <PackageDataField ID="PDF_A_W2">
	    <Name>PDF_A</Name>
	    <FieldLocation>
	      <FieldOffset>
		<OffsetValue>
		  <FlexValue>9</FlexValue>
		  <UnitsRef IDREF="Bits16EU"/>
		</OffsetValue>
	      </FieldOffset>
	      <FieldWidth>
		<FlexValue>1</FlexValue>
		<UnitsRef IDREF="Bits16EU"/>
	      </FieldWidth>
	    </FieldLocation>
	    <FieldEncoding>
	      <Endianness>
		<EndiannessEnum>BigEndian</EndiannessEnum>
	      </Endianness>
	      <DigitalEncoding>
		<DigitalEncodingEnum>Two'sComplement</DigitalEncodingEnum>
	      </DigitalEncoding>
	    </FieldEncoding>
	    <FieldRepetitions>2</FieldRepetitions>
	    <FieldOffsetIncrement>
	      <FlexValue>31</FlexValue>
	      <UnitsRef IDREF="Bits16EU"/>
	    </FieldOffsetIncrement>
	  </PackageDataField>
	  <PackageDataField ID="PDF_A_W9">
	    <Name>PDF_A</Name>
	    <FieldLocation>
	      <FieldOffset>
		<OffsetValue>
		  <FlexValue>16</FlexValue>
		  <UnitsRef IDREF="Bits16EU"/>
		</OffsetValue>
	      </FieldOffset>
	      <FieldWidth>
		<FlexValue>1</FlexValue>
		<UnitsRef IDREF="Bits16EU"/>
	      </FieldWidth>
	    </FieldLocation>
	    <FieldEncoding>
	      <Endianness>
		<EndiannessEnum>BigEndian</EndiannessEnum>
	      </Endianness>
	      <DigitalEncoding>
		<DigitalEncodingEnum>Two'sComplement</DigitalEncodingEnum>
	      </DigitalEncoding>
	    </FieldEncoding>
	    <FieldRepetitions>2</FieldRepetitions>
	    <FieldOffsetIncrement>
	      <FlexValue>31</FlexValue>
	      <UnitsRef IDREF="Bits16EU"/>
	    </FieldOffsetIncrement>
	  </PackageDataField>
	</PackageDataFieldSet>
	<PackageDataFieldSet ID="PDF_E">
	  <PackageDataField ID="PDF_E_W6">
	    <Name>PDF_E</Name>
	    <FieldLocation>
	      <FieldOffset>
		<OffsetValue>
		  <FlexValue>13</FlexValue>
		  <UnitsRef IDREF="Bits16EU"/>
		</OffsetValue>
	      </FieldOffset>
	      <FieldWidth>
		<FlexValue>1</FlexValue>
		<UnitsRef IDREF="Bits16EU"/>
	      </FieldWidth>
	    </FieldLocation>
	    <FieldEncoding>
	      <Endianness>
		<EndiannessEnum>BigEndian</EndiannessEnum>
	      </Endianness>
	      <DigitalEncoding>
		<DigitalEncodingEnum>Two'sComplement</DigitalEncodingEnum>
	      </DigitalEncoding>
	    </FieldEncoding>
	    <FieldRepetitions>4</FieldRepetitions>
	    <FieldOffsetIncrement>
	      <FlexValue>15</FlexValue>
	      <UnitsRef IDREF="Bits16EU"/>
	    </FieldOffsetIncrement>
	  </PackageDataField>
	  <PackageDataField ID="PDF_E_W13">
	    <Name>PDF_E</Name>
	    <FieldLocation>
	      <FieldOffset>
		<OffsetValue>
		  <FlexValue>20</FlexValue>
		  <UnitsRef IDREF="Bits16EU"/>
		</OffsetValue>
	      </FieldOffset>
	      <FieldWidth>
		<FlexValue>1</FlexValue>
		<UnitsRef IDREF="Bits16EU"/>
	      </FieldWidth>
	    </FieldLocation>
	    <FieldEncoding>
	      <Endianness>
		<EndiannessEnum>BigEndian</EndiannessEnum>
	      </Endianness>
	      <DigitalEncoding>
		<DigitalEncodingEnum>Two'sComplement</DigitalEncodingEnum>
	      </DigitalEncoding>
	    </FieldEncoding>
	    <FieldRepetitions>4</FieldRepetitions>
	    <FieldOffsetIncrement>
	      <FlexValue>15</FlexValue>
	      <UnitsRef IDREF="Bits16EU"/>
	    </FieldOffsetIncrement>
	  </PackageDataField>
	</PackageDataFieldSet>
	<PackageDataFieldSet ID="PDF_F">
	  <PackageDataField ID="PDF_F_W7">
	    <Name>PDF_F</Name>
	    <FieldLocation>
	      <FieldOffset>
		<OffsetValue>
		  <FlexValue>14</FlexValue>
		  <UnitsRef IDREF="Bits16EU"/>
		</OffsetValue>
	      </FieldOffset>
	      <FieldWidth>
		<FlexValue>1</FlexValue>
		<UnitsRef IDREF="Bits16EU"/>
	      </FieldWidth>
	    </FieldLocation>
	    <FieldEncoding>
	      <Endianness>
		<EndiannessEnum>BigEndian</EndiannessEnum>
	      </Endianness>
	      <DigitalEncoding>
		<DigitalEncodingEnum>UnsignedBinary</DigitalEncodingEnum>
	      </DigitalEncoding>
	    </FieldEncoding>
	    <FieldRepetitions>4</FieldRepetitions>
	    <FieldOffsetIncrement>
	      <FlexValue>15</FlexValue>
	      <UnitsRef IDREF="Bits16EU"/>
	    </FieldOffsetIncrement>
	  </PackageDataField>
	  <PackageDataField ID="PDF_F_W14">
	    <Name>PDF_F</Name>
	    <FieldLocation>
	      <FieldOffset>
		<OffsetValue>
		  <FlexValue>21</FlexValue>
		  <UnitsRef IDREF="Bits16EU"/>
		</OffsetValue>
	      </FieldOffset>
	      <FieldWidth>
		<FlexValue>1</FlexValue>
		<UnitsRef IDREF="Bits16EU"/>
	      </FieldWidth>
	    </FieldLocation>
	    <FieldEncoding>
	      <Endianness>
		<EndiannessEnum>BigEndian</EndiannessEnum>
	      </Endianness>
	      <DigitalEncoding>
		<DigitalEncodingEnum>UnsignedBinary</DigitalEncodingEnum>
	      </DigitalEncoding>
	    </FieldEncoding>
	    <FieldRepetitions>4</FieldRepetitions>
	    <FieldOffsetIncrement>
	      <FlexValue>15</FlexValue>
	      <UnitsRef IDREF="Bits16EU"/>
	    </FieldOffsetIncrement>
	  </PackageDataField>
	</PackageDataFieldSet>
	<PackageDataFieldSet ID="PDF_B">
	  <PackageDataField ID="PDF_B_W3">
	    <Name>PDF_B</Name>
	    <FieldLocation>
	      <FieldOffset>
		<OffsetValue>
		  <FlexValue>26</FlexValue>
		  <UnitsRef IDREF="Bits16EU"/>
		</OffsetValue>
	      </FieldOffset>
	      <FieldWidth>
		<FlexValue>1</FlexValue>
		<UnitsRef IDREF="Bits16EU"/>
	      </FieldWidth>
	    </FieldLocation>
	    <FieldEncoding>
	      <Endianness>
		<EndiannessEnum>BigEndian</EndiannessEnum>
	      </Endianness>
	      <DigitalEncoding>
		<DigitalEncodingEnum>Two'sComplement</DigitalEncodingEnum>
	      </DigitalEncoding>
	    </FieldEncoding>
	    <FieldRepetitions>2</FieldRepetitions>
	    <FieldOffsetIncrement>
	      <FlexValue>31</FlexValue>
	      <UnitsRef IDREF="Bits16EU"/>
	    </FieldOffsetIncrement>
	  </PackageDataField>
	  <PackageDataField ID="PDF_B_W10">
	    <Name>PDF_B</Name>
	    <FieldLocation>
	      <FieldOffset>
		<OffsetValue>
		  <FlexValue>33</FlexValue>
		  <UnitsRef IDREF="Bits16EU"/>
		</OffsetValue>
	      </FieldOffset>
	      <FieldWidth>
		<FlexValue>1</FlexValue>
		<UnitsRef IDREF="Bits16EU"/>
	      </FieldWidth>
	    </FieldLocation>
	    <FieldEncoding>
	      <Endianness>
		<EndiannessEnum>BigEndian</EndiannessEnum>
	      </Endianness>
	      <DigitalEncoding>
		<DigitalEncodingEnum>Two'sComplement</DigitalEncodingEnum>
	      </DigitalEncoding>
	    </FieldEncoding>
	    <FieldRepetitions>2</FieldRepetitions>
	    <FieldOffsetIncrement>
	      <FlexValue>31</FlexValue>
	      <UnitsRef IDREF="Bits16EU"/>
	    </FieldOffsetIncrement>
	  </PackageDataField>
	</PackageDataFieldSet>
      </PackageStructure>
      <PackageStructure ID="PCM_Ex2_Major_Frame">
	<Name>PCM Major Frame Example 2</Name>
	<Description>Description of PCM Major Frame #2 assuming a standard PackageHeader</Description>
	<PackageDataField ID="FrameSync_PDF_2">
	  <Name>FrameSync</Name>
	  <FieldLocation>
	    <FieldOffset>
	      <OffsetValue>
		<FlexValue>6</FlexValue>
		<UnitsRef IDREF="Bits16EU"/>
	      </OffsetValue>
	    </FieldOffset>
	    <FieldWidth>
	      <FlexValue>2</FlexValue>
	      <UnitsRef IDREF="Bits16EU"/>
	    </FieldWidth>
	  </FieldLocation>
	  <FieldEncoding>
	    <Endianness>
	      <EndiannessEnum>BigEndian</EndiannessEnum>
	    </Endianness>
	    <DigitalEncoding>
	      <DigitalEncodingEnum>UnsignedBinary</DigitalEncodingEnum>
	    </DigitalEncoding>
	  </FieldEncoding>
	  <FieldRepetitions>3</FieldRepetitions>
	  <FieldOffsetIncrement>
	    <FlexValue>14</FlexValue>
	    <UnitsRef IDREF="Bits16EU"/>
	  </FieldOffsetIncrement>
	</PackageDataField>
	<PackageDataField ID="SubframeID_PDF_2">
	  <Name>SubFrameID</Name>
	  <FieldLocation>
	    <FieldOffset>
	      <OffsetValue>
		<FlexValue>8</FlexValue>
		<UnitsRef IDREF="Bits16EU"/>
	      </OffsetValue>
	    </FieldOffset>
	    <FieldWidth>
	      <FlexValue>1</FlexValue>
	      <UnitsRef IDREF="Bits16EU"/>
	    </FieldWidth>
	  </FieldLocation>
	  <FieldEncoding>
	    <Endianness>
	      <EndiannessEnum>BigEndian</EndiannessEnum>
	    </Endianness>
	    <DigitalEncoding>
	      <DigitalEncodingEnum>UnsignedBinary</DigitalEncodingEnum>
	    </DigitalEncoding>
	  </FieldEncoding>
	  <FieldRepetitions>3</FieldRepetitions>
	  <FieldOffsetIncrement>
	    <FlexValue>15</FlexValue>
	    <UnitsRef IDREF="Bits16EU"/>
	  </FieldOffsetIncrement>
	</PackageDataField>
	<PackageDataField ID="PDF_O">
	  <Name>PDF_O</Name>
	  <FieldLocation>
	    <FieldOffset>
	      <OffsetValue>
		<FlexValue>30</FlexValue>
		<UnitsRef IDREF="Bits16EU"/>
	      </OffsetValue>
	    </FieldOffset>
	    <FieldWidth>
	      <FlexValue>3</FlexValue>
	      <UnitsRef IDREF="Bits16EU"/>
	    </FieldWidth>
	  </FieldLocation>
	  <FieldEncoding>
	    <Endianness>
	      <EndiannessEnum>BigEndian</EndiannessEnum>
	    </Endianness>
	    <DigitalEncoding>
	      <DigitalEncodingEnum>Two'sComplement</DigitalEncodingEnum>
	    </DigitalEncoding>
	  </FieldEncoding>
	  <FieldRepetitions>1</FieldRepetitions>
	</PackageDataField>
	<PackageDataField ID="PDF_P">
	  <Name>PDF_P</Name>
	  <FieldLocation>
	    <FieldOffset>
	      <OffsetValue>
		<FlexValue>21</FlexValue>
		<UnitsRef IDREF="Bits16EU"/>
	      </OffsetValue>
	    </FieldOffset>
	    <FieldWidth>
	      <FlexValue>1</FlexValue>
	      <UnitsRef IDREF="Bits16EU"/>
	    </FieldWidth>
	  </FieldLocation>
	  <FieldEncoding>
	    <Endianness>
	      <EndiannessEnum>BigEndian</EndiannessEnum>
	    </Endianness>
	    <DigitalEncoding>
	      <DigitalEncodingEnum>Two'sComplement</DigitalEncodingEnum>
	    </DigitalEncoding>
	  </FieldEncoding>
	  <FieldRepetitions>2</FieldRepetitions>
	  <FieldOffsetIncrement>
	    <FlexValue>31</FlexValue>
	    <UnitsRef IDREF="Bits16EU"/>
	  </FieldOffsetIncrement>
	</PackageDataField>
	<PackageDataFieldSet ID="PDF_M">
	  <PackageDataField ID="PDF_M_W2">
	    <Name>PDF_M</Name>
	    <FieldLocation>
	      <FieldOffset>
		<OffsetValue>
		  <FlexValue>9</FlexValue>
		  <UnitsRef IDREF="Bits16EU"/>
		</OffsetValue>
	      </FieldOffset>
	      <FieldWidth>
		<FlexValue>1</FlexValue>
		<UnitsRef IDREF="Bits16EU"/>
	      </FieldWidth>
	    </FieldLocation>
	    <FieldEncoding>
	      <Endianness>
		<EndiannessEnum>BigEndian</EndiannessEnum>
	      </Endianness>
	      <DigitalEncoding>
		<DigitalEncodingEnum>Two'sComplement</DigitalEncodingEnum>
	      </DigitalEncoding>
	    </FieldEncoding>
	    <FieldRepetitions>2</FieldRepetitions>
	    <FieldOffsetIncrement>
	      <FlexValue>31</FlexValue>
	      <UnitsRef IDREF="Bits16EU"/>
	    </FieldOffsetIncrement>
	  </PackageDataField>
	  <PackageDataField ID="PDF_M_W9">
	    <Name>PDF_M</Name>
	    <FieldLocation>
	      <FieldOffset>
		<OffsetValue>
		  <FlexValue>16</FlexValue>
		  <UnitsRef IDREF="Bits16EU"/>
		</OffsetValue>
	      </FieldOffset>
	      <FieldWidth>
		<FlexValue>1</FlexValue>
		<UnitsRef IDREF="Bits16EU"/>
	      </FieldWidth>
	    </FieldLocation>
	    <FieldEncoding>
	      <Endianness>
		<EndiannessEnum>BigEndian</EndiannessEnum>
	      </Endianness>
	      <DigitalEncoding>
		<DigitalEncodingEnum>Two'sComplement</DigitalEncodingEnum>
	      </DigitalEncoding>
	    </FieldEncoding>
	    <FieldRepetitions>2</FieldRepetitions>
	    <FieldOffsetIncrement>
	      <FlexValue>31</FlexValue>
	      <UnitsRef IDREF="Bits16EU"/>
	    </FieldOffsetIncrement>
	  </PackageDataField>
	</PackageDataFieldSet>
	<PackageDataFieldSet ID="PDF_N">
	  <PackageDataField ID="PDF_N_W3">
	    <Name>PDF_N</Name>
	    <FieldLocation>
	      <FieldOffset>
		<OffsetValue>
		  <FlexValue>10</FlexValue>
		  <UnitsRef IDREF="Bits16EU"/>
		</OffsetValue>
	      </FieldOffset>
	      <FieldWidth>
		<FlexValue>1</FlexValue>
		<UnitsRef IDREF="Bits16EU"/>
	      </FieldWidth>
	    </FieldLocation>
	    <FieldEncoding>
	      <Endianness>
		<EndiannessEnum>BigEndian</EndiannessEnum>
	      </Endianness>
	      <DigitalEncoding>
		<DigitalEncodingEnum>Two'sComplement</DigitalEncodingEnum>
	      </DigitalEncoding>
	    </FieldEncoding>
	    <FieldRepetitions>2</FieldRepetitions>
	    <FieldOffsetIncrement>
	      <FlexValue>31</FlexValue>
	      <UnitsRef IDREF="Bits16EU"/>
	    </FieldOffsetIncrement>
	  </PackageDataField>
	  <PackageDataField ID="PDF_N_W10">
	    <Name>PDF_N</Name>
	    <FieldLocation>
	      <FieldOffset>
		<OffsetValue>
		  <FlexValue>17</FlexValue>
		  <UnitsRef IDREF="Bits16EU"/>
		</OffsetValue>
	      </FieldOffset>
	      <FieldWidth>
		<FlexValue>1</FlexValue>
		<UnitsRef IDREF="Bits16EU"/>
	      </FieldWidth>
	    </FieldLocation>
	    <FieldEncoding>
	      <Endianness>
		<EndiannessEnum>BigEndian</EndiannessEnum>
	      </Endianness>
	      <DigitalEncoding>
		<DigitalEncodingEnum>Two'sComplement</DigitalEncodingEnum>
	      </DigitalEncoding>
	    </FieldEncoding>
	    <FieldRepetitions>2</FieldRepetitions>
	    <FieldOffsetIncrement>
	      <FlexValue>31</FlexValue>
	      <UnitsRef IDREF="Bits16EU"/>
	    </FieldOffsetIncrement>
	  </PackageDataField>
	</PackageDataFieldSet>
      </PackageStructure>
    </Packages>
    <Messages>
      <MessageDefinition ID="PCM_Ex1_Message">
	<AggregateRate>
	  <AverageRate>1000</AverageRate>
	  <PeakRate>2000</PeakRate>
	  <SIUnits>Hertz</SIUnits>
	</AggregateRate>
	<MessageDefinitionID>0x00010001</MessageDefinitionID>
	<MaximumMessageLength>
	  <FlexValue>500</FlexValue>
	  <UnitsRef IDREF="Bits16EU"/>
	</MaximumMessageLength>
	<MaximumMessageLatency>
	  <FloatValue>3</FloatValue>
	  <UnitsRef IDREF="SecondsSI"/>
	</MaximumMessageLatency>
	<PackageOrder>FixedOrder</PackageOrder>
	<FixedNumberOfPackages>false</FixedNumberOfPackages>
	<PackageInstance Index="1">
	  <PackageDefinitionRef IDREF="PCM_Ex1_Definition"/>
	</PackageInstance>
      </MessageDefinition>
      <MessageDefinition ID="PCM_Ex2_Message">
	<AggregateRate>
	  <AverageRate>1000</AverageRate>
	  <PeakRate>2000</PeakRate>
	  <SIUnits>Hertz</SIUnits>
	</AggregateRate>
	<MessageDefinitionID>0x00020002</MessageDefinitionID>
	<MaximumMessageLength>
	  <FlexValue>500</FlexValue>
	  <UnitsRef IDREF="Bits16EU"/>
	</MaximumMessageLength>
	<MaximumMessageLatency>
	  <FloatValue>3</FloatValue>
	  <UnitsRef IDREF="SecondsSI"/>
	</MaximumMessageLatency>
	<PackageOrder>FixedOrder</PackageOrder>
	<FixedNumberOfPackages>false</FixedNumberOfPackages>
	<PackageInstance Index="1">
	  <PackageDefinitionRef IDREF="PCM_Ex2_Definition"/>
	</PackageInstance>
      </MessageDefinition>
      <MessageDefinition ID="PCM_Ex3_Message">
	<AggregateRate>
	  <AverageRate>1000</AverageRate>
	  <PeakRate>2000</PeakRate>
	  <SIUnits>Hertz</SIUnits>
	</AggregateRate>
	<MessageDefinitionID>0x00030003</MessageDefinitionID>
	<MaximumMessageLength>
	  <FlexValue>144</FlexValue>
	  <UnitsRef IDREF="Bits16EU"/>
	</MaximumMessageLength>
	<MaximumMessageLatency>
	  <FloatValue>3</FloatValue>
	  <UnitsRef IDREF="SecondsSI"/>
	</MaximumMessageLatency>
	<FixedMessageLength>
	  <FlexValue>144</FlexValue>
	  <UnitsRef IDREF="Bits16EU"/>
	</FixedMessageLength>
	<PackageOrder>FixedOrder</PackageOrder>
	<FixedNumberOfPackages>true</FixedNumberOfPackages>
	<PackageInstance Index="1">
	  <PackageDefinitionRef IDREF="PCM_Ex1_Definition"/>
	</PackageInstance>
	<PackageInstance Index="2">
	  <PackageDefinitionRef IDREF="PCM_Ex2_Definition"/>
	</PackageInstance>
      </MessageDefinition>
    </Messages>
    <AvailableData>
      <TransportAttributesDescriptions>
	<TransportAttributes ID="transport100001">
	  <DestinationIP>239.255.0.1</DestinationIP>
	  <DestinationPort>55551</DestinationPort>
	  <ServiceType>LTC</ServiceType>
	  <TransportType>UDP</TransportType>
	  <SourceNetworkInterface IDREF="NI_1"/>
	  <MessageDefinitionRef IDREF="PCM_Ex1_Message"/>
	  <SinkNetworkInterface IDREF="NI_2"/>
	</TransportAttributes>
	<TransportAttributes ID="transport100002">
	  <DestinationIP>239.255.0.2</DestinationIP>
	  <DestinationPort>55551</DestinationPort>
	  <ServiceType>LTC</ServiceType>
	  <TransportType>UDP</TransportType>
	  <SourceNetworkInterface IDREF="NI_1"/>
	  <MessageDefinitionRef IDREF="PCM_Ex2_Message"/>
	  <SinkNetworkInterface IDREF="NI_2"/>
	</TransportAttributes>
	<TransportAttributes ID="transport100003">
	  <DestinationIP>239.255.0.3</DestinationIP>
	  <DestinationPort>55551</DestinationPort>
	  <ServiceType>LTC</ServiceType>
	  <TransportType>UDP</TransportType>
	  <SourceNetworkInterface IDREF="NI_1"/>
	  <MessageDefinitionRef IDREF="PCM_Ex3_Message"/>
	  <SinkNetworkInterface IDREF="NI_2"/>
	</TransportAttributes>
	<TransportAttributes ID="transport100004">
	  <DestinationIP>192.168.0.50</DestinationIP>
	  <DestinationPort>55556</DestinationPort>
	  <ServiceType>RC</ServiceType>
	  <TransportType>TCP</TransportType>
	  <SourceNetworkInterface IDREF="NI_2"/>
	  <MessageDefinitionRef IDREF="PCM_Ex1_Message"/>
	  <MessageDefinitionRef IDREF="PCM_Ex2_Message"/>
	  <MessageDefinitionRef IDREF="PCM_Ex3_Message"/>
	</TransportAttributes>
      </TransportAttributesDescriptions>
    </AvailableData>
    <Operations>
      <DataOperations>
	<DataOperation>
	  <Name>Polynomial Example</Name>
	  <Description>Produces the equation y=3x^2 + 4w + 2</Description>
	  <InputPorts>
	    <Port ID='x'>
	      <PortDirection>Input</PortDirection>
	    </Port>
	    <Port ID='w'>
	      <PortDirection>Input</PortDirection>
	    </Port>
	  </InputPorts>
	  <OutputPort ID='y'>
	      <PortDirection>Output</PortDirection>
	  </OutputPort>
	  <Method>
	    <MathematicalExpression>
	      <OutputPortRef IDREF='y'/>
	      <PolynomialNumerator>
		<Term>
		  <Coefficient>3</Coefficient>
		  <InputPortRef IDREF='x'/>
		  <Exponent>2</Exponent>
		</Term>
		<Term>
		  <Coefficient>4</Coefficient>
		  <InputPortRef IDREF='w'/>
		</Term>
		<Term>
		  <Coefficient>2</Coefficient>
		</Term>
	      </PolynomialNumerator>
	    </MathematicalExpression>
	  </Method>
	</DataOperation>
      </DataOperations>
    </Operations>
    <Networks>
      <Network>
	<NetworkType>TmNS</NetworkType>
	<NetworkNode ID="dauSIM_Node">
	  <InventoryID>ID1</InventoryID>
	  <RoleID>dauSIM</RoleID>
	  <TmNSDAU/>
	  <NetworkInterface ID="NI_1">
	    <InterfaceName>Eth0</InterfaceName>
	    <DHCPEnable>true</DHCPEnable>
	    <IPAddress>192.168.0.201</IPAddress>
	    <Netmask>255.255.0.0</Netmask>
	    <Gateway>192.168.0.1</Gateway>
	    <PhysicalNetworkPort/>
	  </NetworkInterface>
	</NetworkNode>
	<NetworkNode ID="recorderSIM_Node">
	  <InventoryID>ID2</InventoryID>
	  <RoleID>recorderSIM</RoleID>
	  <TmNSRecorder/>
	  <NetworkInterface ID="NI_2">
	    <InterfaceName>Eth0</InterfaceName>
	    <DHCPEnable>true</DHCPEnable>
	    <MACAddress>00:00:00:00:00:00</MACAddress>
	    <PhysicalNetworkPort/>
	  </NetworkInterface>
	</NetworkNode>
      </Network>
    </Networks>
    <DSCPTable>
      <DSCPTableEntry ID="dscp0-b">
	<DSCPValue>0b000000</DSCPValue>
	<DSCPDescription>Best Effort</DSCPDescription>
      </DSCPTableEntry>
      <DSCPTableEntry ID="dscp1-b">
	<DSCPValue>0b101110</DSCPValue>
	<DSCPDescription>Expedited Forwarding</DSCPDescription>
      </DSCPTableEntry>
      <DSCPTableEntry ID="dscp2-b">
	<DSCPValue>0b001000</DSCPValue>
	<DSCPDescription>Assured Forwarding Class 1</DSCPDescription>
      </DSCPTableEntry>
      <DSCPTableEntry ID="dscp3-b">
	<DSCPValue>0b010000</DSCPValue>
	<DSCPDescription>Assured Forwarding Class 2</DSCPDescription>
      </DSCPTableEntry>
      <DSCPTableEntry ID="dscp4-b">
	<DSCPValue>0b011000</DSCPValue>
	<DSCPDescription>Assured Forwarding Class 3</DSCPDescription>
      </DSCPTableEntry>
      <DSCPTableEntry ID="dscp5-b">
	<DSCPValue>0b100000</DSCPValue>
	<DSCPDescription>Assured Forwarding Class 4</DSCPDescription>
      </DSCPTableEntry>
    </DSCPTable>
    <PriorityMappings>
      <PriorityMapping>
	<MessageDefinitionPriorityRef IDREF="PCM_Ex1_Message"/>
	<DSCPTableEntryRef IDREF="dscp2-b"/>
      </PriorityMapping>
      <PriorityMapping>
	<MessageDefinitionPriorityRef IDREF="PCM_Ex2_Message"/>
	<DSCPTableEntryRef IDREF="dscp3-b"/>
      </PriorityMapping>
      <PriorityMapping>
	<MessageDefinitionPriorityRef IDREF="PCM_Ex3_Message"/>
	<DSCPTableEntryRef IDREF="dscp3-b"/>
      </PriorityMapping>
    </PriorityMappings>
  </MessageDefinitionDomain>
</MessageDefinitionDomains>
