<?xml version='1.0' encoding='UTF-8' standalone='yes'?>
<MessageDefinitionDomains xmlns:xsi="http://www.w3.org/2001/XMLSchema-instance" 
                          xmlns="http://inetprogram.org/projects/MDL" 
                          xmlns:mdl="http://inetprogram.org/projects/MDL" 
                          xsi:schemaLocation="MDL_v0_8_2.xsd">
  <MessageDefinitionDomain>
    <Name>Extracting Bus Measurements Example</Name>
    <TmNSVersion>-TBD-</TmNSVersion>
    <TmNSCompleteness>false</TmNSCompleteness>
    <TmNSCompletenessDescription>-TBD-</TmNSCompletenessDescription>
    <Units>
      <DerivedUnit ID="Word16">
	<Name>16-bit Words</Name>
        <Symbol>W16</Symbol>
	<UnitsNumerator>
	  <NumericalConstant>16</NumericalConstant>
	  <SIUnits>Bit</SIUnits>
	</UnitsNumerator>
      </DerivedUnit>
    </Units>
    <Measurements>
      <Measurement ID="MEAS_AIRSPD">
        <Name>AIRSPD</Name>
        <MeasurementID>0x00000004</MeasurementID>
        <MeasurementType>DigitalBus</MeasurementType>
        <MeasurementActive>true</MeasurementActive>
        <OutputPort ID="MEAS_AIRSPD_OutputPort">
          <PortDirection>Output</PortDirection>
        </OutputPort>
        <Implementation>
	  <MeasurementSource/>
          <SIUnits>Knots</SIUnits>
	</Implementation>
      </Measurement>
      <Measurement ID="MEAS_HEADNG">
        <Name>HEADNG</Name>
        <MeasurementID>0x00000005</MeasurementID>
        <MeasurementType>DigitalBus</MeasurementType>
        <MeasurementActive>true</MeasurementActive>
        <OutputPort ID="MEAS_HEADNG_OutputPort">
          <PortDirection>Output</PortDirection>
        </OutputPort>
        <Implementation>
	  <MeasurementSource/>
          <SIUnits>Degree</SIUnits>
	</Implementation>
      </Measurement>
      <Measurement ID="MEAS_ALT">
        <Name>Altitude</Name>
        <MeasurementID>0x00000006</MeasurementID>
        <MeasurementType>DigitalBus</MeasurementType>
        <MeasurementActive>true</MeasurementActive>
        <OutputPort ID="MEAS_ALT_OutputPort">
          <PortDirection>Output</PortDirection>
        </OutputPort>
        <Implementation>
	  <MeasurementSource/>
          <SIUnits>Feet</SIUnits>
	</Implementation>
      </Measurement>
      <Measurement ID="MEAS_ROLRATE">
        <Name>Roll Rate</Name>
        <MeasurementID>0x00000007</MeasurementID>
        <MeasurementType>DigitalBus</MeasurementType>
        <MeasurementActive>true</MeasurementActive>
        <OutputPort ID="MEAS_ROLRATE_OutputPort">
          <PortDirection>Output</PortDirection>
        </OutputPort>
        <Implementation>
	  <MeasurementSource/>
          <SIUnits>DegreePerSecond</SIUnits>
	</Implementation>
      </Measurement>
      <Measurement ID="MEAS_PTCHRATE">
        <Name>Pitch Rate</Name>
        <MeasurementID>0x00000008</MeasurementID>
        <MeasurementType>DigitalBus</MeasurementType>
        <MeasurementActive>true</MeasurementActive>
        <OutputPort ID="MEAS_PTCHRATE_OutputPort">
          <PortDirection>Output</PortDirection>
        </OutputPort>
        <Implementation>
	  <MeasurementSource/>
          <SIUnits>DegreePerSecond</SIUnits>
	</Implementation>
      </Measurement>
      <Measurement ID="MEAS_LATPSN">
        <Name>GPS Latitute Position</Name>
        <MeasurementID>0x00000009</MeasurementID>
        <MeasurementType>DigitalBus</MeasurementType>
        <MeasurementActive>true</MeasurementActive>
        <OutputPort ID="MEAS_LATPSN_OutputPort">
          <PortDirection>Output</PortDirection>
        </OutputPort>
        <Implementation>
	  <MeasurementSource/>
          <SIUnits>Degree</SIUnits>
	</Implementation>
      </Measurement>
    </Measurements>
    <SampledMeasurements>
      <SampledMeasurement ID="SampMeas_AIRSPD">
        <MeasurementID>0x00000004</MeasurementID>
        <MeasurementType>DigitalBus</MeasurementType>
        <MeasurementActive>true</MeasurementActive>
        <OutputPort ID="SampMeas_AIRSPD_OutputPort">
          <PortDirection>Output</PortDirection>
        </OutputPort>
        <Implementation>
	  <MeasurementSource/>
          <SIUnits>Counts</SIUnits>
          <DigitalAttributes>
            <DataLength>
              <ConditionParameter>
                <ConditionOperation>==</ConditionOperation>
                <ConditionValueFlex>16</ConditionValueFlex>
                <SIUnits>Bit</SIUnits>
              </ConditionParameter>
            </DataLength>
            <Endianness>BigEndian</Endianness>
            <DigitalEncoding>Two'sComplement</DigitalEncoding>
            <DataRate>
              <ConditionParameter>
                <ConditionOperation>==</ConditionOperation>
                <ConditionValueFlex>50</ConditionValueFlex>
                <SIUnits>Hertz</SIUnits>
              </ConditionParameter>
            </DataRate>
          </DigitalAttributes>
	</Implementation>
      </SampledMeasurement>
      <SampledMeasurement ID="SampMeas_HEADNG">
        <MeasurementID>0x00000005</MeasurementID>
        <MeasurementType>DigitalBus</MeasurementType>
        <MeasurementActive>true</MeasurementActive>
        <OutputPort ID="SampMeas_HEADNG_OutputPort">
          <PortDirection>Output</PortDirection>
        </OutputPort>
        <Implementation>
	  <MeasurementSource/>
          <SIUnits>Counts</SIUnits>
          <DigitalAttributes>
            <DataLength>
              <ConditionParameter>
                <ConditionOperation>==</ConditionOperation>
                <ConditionValueFlex>16</ConditionValueFlex>
                <SIUnits>Bit</SIUnits>
              </ConditionParameter>
            </DataLength>
            <Endianness>BigEndian</Endianness>
            <DigitalEncoding>Two'sComplement</DigitalEncoding>
            <DataRate>
              <ConditionParameter>
                <ConditionOperation>==</ConditionOperation>
                <ConditionValueFlex>50</ConditionValueFlex>
                <SIUnits>Hertz</SIUnits>
              </ConditionParameter>
            </DataRate>
          </DigitalAttributes>
	</Implementation>
      </SampledMeasurement>
      <SampledMeasurement ID="SampMeas_ALT">
        <MeasurementID>0x00000006</MeasurementID>
        <MeasurementType>DigitalBus</MeasurementType>
        <MeasurementActive>true</MeasurementActive>
        <OutputPort ID="SampMeas_ALT_OutputPort">
          <PortDirection>Output</PortDirection>
        </OutputPort>
        <Implementation>
	  <MeasurementSource/>
          <SIUnits>Counts</SIUnits>
          <DigitalAttributes>
            <DataLength>
              <ConditionParameter>
                <ConditionOperation>==</ConditionOperation>
                <ConditionValueFlex>19</ConditionValueFlex>
                <SIUnits>Bit</SIUnits>
              </ConditionParameter>
            </DataLength>
            <Endianness>BigEndian</Endianness>
            <DigitalEncoding>Two'sComplement</DigitalEncoding>
            <DataRate>
              <ConditionParameter>
                <ConditionOperation>==</ConditionOperation>
                <ConditionValueFlex>50</ConditionValueFlex>
                <SIUnits>Hertz</SIUnits>
              </ConditionParameter>
            </DataRate>
          </DigitalAttributes>
	</Implementation>
      </SampledMeasurement>
      <SampledMeasurement ID="SampMeas_ROLRATE">
        <MeasurementID>0x00000007</MeasurementID>
        <MeasurementType>DigitalBus</MeasurementType>
        <MeasurementActive>true</MeasurementActive>
        <OutputPort ID="SampMeas_ROLRATE_OutputPort">
          <PortDirection>Output</PortDirection>
        </OutputPort>
        <Implementation>
	  <MeasurementSource/>
          <SIUnits>Counts</SIUnits>
          <DigitalAttributes>
            <DataLength>
              <ConditionParameter>
                <ConditionOperation>==</ConditionOperation>
                <ConditionValueFlex>16</ConditionValueFlex>
                <SIUnits>Bit</SIUnits>
              </ConditionParameter>
            </DataLength>
            <Endianness>BigEndian</Endianness>
            <DigitalEncoding>Two'sComplement</DigitalEncoding>
            <DataRate>
              <ConditionParameter>
                <ConditionOperation>==</ConditionOperation>
                <ConditionValueFlex>20</ConditionValueFlex>
                <SIUnits>Hertz</SIUnits>
              </ConditionParameter>
            </DataRate>
          </DigitalAttributes>
	</Implementation>
      </SampledMeasurement>
      <SampledMeasurement ID="SampMeas_PTCHRATE">
        <MeasurementID>0x00000008</MeasurementID>
        <MeasurementType>DigitalBus</MeasurementType>
        <MeasurementActive>true</MeasurementActive>
        <OutputPort ID="SampMeas_PTCHRATE_OutputPort">
          <PortDirection>Output</PortDirection>
        </OutputPort>
        <Implementation>
	  <MeasurementSource/>
          <SIUnits>Counts</SIUnits>
          <DigitalAttributes>
            <DataLength>
              <ConditionParameter>
                <ConditionOperation>==</ConditionOperation>
                <ConditionValueFlex>16</ConditionValueFlex>
                <SIUnits>Bit</SIUnits>
              </ConditionParameter>
            </DataLength>
            <Endianness>BigEndian</Endianness>
            <DigitalEncoding>Two'sComplement</DigitalEncoding>
            <DataRate>
              <ConditionParameter>
                <ConditionOperation>==</ConditionOperation>
                <ConditionValueFlex>20</ConditionValueFlex>
                <SIUnits>Hertz</SIUnits>
              </ConditionParameter>
            </DataRate>
          </DigitalAttributes>
	</Implementation>
      </SampledMeasurement>
      <SampledMeasurement ID="SampMeas_LATPSN">
        <MeasurementID>0x00000009</MeasurementID>
        <MeasurementType>DigitalBus</MeasurementType>
        <MeasurementActive>true</MeasurementActive>
        <OutputPort ID="SampMeas_LATPSN_OutputPort">
          <PortDirection>Output</PortDirection>
        </OutputPort>
        <Implementation>
	  <MeasurementSource/>
          <SIUnits>Counts</SIUnits>
          <DigitalAttributes>
            <DataLength>
              <ConditionParameter>
                <ConditionOperation>==</ConditionOperation>
                <ConditionValueFlex>12</ConditionValueFlex>
                <SIUnits>Bit</SIUnits>
              </ConditionParameter>
            </DataLength>
            <Endianness>BigEndian</Endianness>
            <DigitalEncoding>Two'sComplement</DigitalEncoding>
            <DataRate>
              <ConditionParameter>
                <ConditionOperation>==</ConditionOperation>
                <ConditionValueFlex>10</ConditionValueFlex>
                <SIUnits>Hertz</SIUnits>
              </ConditionParameter>
            </DataRate>
          </DigitalAttributes>
	</Implementation>
      </SampledMeasurement>
    </SampledMeasurements>
    <AvailableData>
      <DataStreamDescriptions>

        <DataStream ID="MS1553_Bus_AV1">
          <DataStreamID>1553 Bus AV1</DataStreamID>
          <DataStreamType>MILSTD1553</DataStreamType>
          <MILSTD1553Messages>
            <MILSTD1553Message ID="MS1553_Bus_AV1_MSG1">
              <MILSTD1553MessageType>RemoteTerminalToRemoteTerminal</MILSTD1553MessageType>
              <MILSTD1553RemoteTerminal>1</MILSTD1553RemoteTerminal>
              <MILSTD1553SubaddressOrMode>4</MILSTD1553SubaddressOrMode>
              <MILSTD1553TransmitReceive>Transmit</MILSTD1553TransmitReceive>
              <MILSTD1553WordCountOrModeCode>30</MILSTD1553WordCountOrModeCode>
              <DataStructure ID="MS1553_Bus_AV1_MSG1_STRUCT">
                <!-- NOTE: Structure includes additional PackageDataFields not included in this example -->
                <PackageDataField ID="MS1553_Bus_AV1_MSG_Field2">
                  <FieldLocation ID="MS1553_Bus_AV1_MSG_Field2_Loc">
                    <FieldOffset>
                      <OffsetValue>
                        <FlexValue>2</FlexValue>
                        <UnitsRef IDREF="Word16"/>
                      </OffsetValue>
                    </FieldOffset>
                    <FieldWidth>
                      <FlexValue>1</FlexValue>
                      <UnitsRef IDREF="Word16"/>
                    </FieldWidth>
                  </FieldLocation>
                  <FieldEncoding>
                    <Endianness>BigEndian</Endianness>
                    <DigitalEncoding>Two'sComplement</DigitalEncoding>
                  </FieldEncoding>
                  <FieldRepetitions>0</FieldRepetitions>
                </PackageDataField>
                <PackageDataField ID="MS1553_Bus_AV1_MSG_Field3">
                  <FieldLocation ID="MS1553_Bus_AV1_MSG_Field3_Loc">
                    <FieldOffset>
                      <OffsetValue>
                        <FlexValue>3</FlexValue> <!--Word 3-->
                        <UnitsRef IDREF="Word16"/>
                      </OffsetValue>
                    </FieldOffset>
                    <FieldWidth>
                      <FlexValue>1</FlexValue>
                      <UnitsRef IDREF="Word16"/>
                    </FieldWidth>
                  </FieldLocation>
                  <FieldEncoding>
                    <Endianness>BigEndian</Endianness>
                    <DigitalEncoding>Two'sComplement</DigitalEncoding>
                  </FieldEncoding>
                  <FieldRepetitions>0</FieldRepetitions>
                </PackageDataField>
              </DataStructure>
              <DataMap>
                <DataWordToFieldMap>
                  <DataWord>
                    <DataWordWidth>
                      <FlexValue>1</FlexValue>
                      <UnitsRef IDREF="Word16"/>
                    </DataWordWidth>
                    <Syllable>
                      <SampledMeasurementRef IDREF="SampMeas_AIRSPD"/>
                      <SyllableMask>0xffff</SyllableMask>
                      <SyllableWidth>
                        <FlexValue>1</FlexValue>
                        <UnitsRef IDREF="Word16"/>
                      </SyllableWidth>
                      <SyllableStartBit>1</SyllableStartBit>
                      <DataWordOffset>0</DataWordOffset>
                    </Syllable>
                  </DataWord>
                  <PackageDataFieldRef IDREF="MS1553_Bus_AV1_MSG_Field2"/>
                  <TimeOrder>Unspecified</TimeOrder>
                </DataWordToFieldMap>
                <DataWordToFieldMap>
                  <DataWord>
                    <DataWordWidth>
                      <FlexValue>1</FlexValue>
                      <UnitsRef IDREF="Word16"/>
                    </DataWordWidth>
                    <Syllable>
                      <SampledMeasurementRef IDREF="SampMeas_HEADNG"/>
                      <SyllableMask>0xffff</SyllableMask>
                      <SyllableWidth>
                        <FlexValue>1</FlexValue>
                        <UnitsRef IDREF="Word16"/>
                      </SyllableWidth>
                      <SyllableStartBit>1</SyllableStartBit>
                      <DataWordOffset>0</DataWordOffset>
                    </Syllable>
                  </DataWord>
                  <PackageDataFieldRef IDREF="MS1553_Bus_AV1_MSG_Field3"/>
                  <TimeOrder>Unspecified</TimeOrder>
                </DataWordToFieldMap>
              </DataMap>
            </MILSTD1553Message>
          </MILSTD1553Messages>
        </DataStream>

        <DataStream ID="MS1553_Bus_AV3">
          <DataStreamID>1553 Bus AV3</DataStreamID>
          <DataStreamType>MILSTD1553</DataStreamType>
          <MILSTD1553Messages>
            <MILSTD1553Message ID="MS1553_Bus_AV3_MSG1">
              <MILSTD1553MessageType>RemoteTerminalToRemoteTerminal</MILSTD1553MessageType>
              <MILSTD1553RemoteTerminal>1</MILSTD1553RemoteTerminal>
              <MILSTD1553SubaddressOrMode>4</MILSTD1553SubaddressOrMode>
              <MILSTD1553TransmitReceive>Transmit</MILSTD1553TransmitReceive>
              <MILSTD1553WordCountOrModeCode>30</MILSTD1553WordCountOrModeCode>
              <DataStructure ID="MS1553_Bus_AV3_MSG1_STRUCT">
                <!-- NOTE: Structure includes additional Fields not included in this example -->
                <PackageDataFieldSet ID="MS1553_Bus_AV3_MSG_Field11_12Set">
                  <PackageDataField ID="MS1553_Bus_AV3_MSG_Field11">
                    <FieldLocation ID="MS1553_Bus_AV3_MSG_Field11_Loc">
                      <FieldOffset>
                        <OffsetValue>
                          <FlexValue>11</FlexValue>
                          <UnitsRef IDREF="Word16"/>
                        </OffsetValue>
                      </FieldOffset>
                      <FieldWidth>
                        <FlexValue>1</FlexValue>
                        <UnitsRef IDREF="Word16"/>
                      </FieldWidth>
                    </FieldLocation>
                    <FieldEncoding>
                      <Endianness>BigEndian</Endianness>
                      <DigitalEncoding>Two'sComplement</DigitalEncoding>
                    </FieldEncoding>
                    <FieldRepetitions>0</FieldRepetitions>
                  </PackageDataField>
                  <PackageDataField ID="MS1553_Bus_AV3_MSG_Field12">
                    <FieldLocation ID="MS1553_Bus_AV3_MSG_Field12_Loc">
                      <FieldOffset>
                        <OffsetValue>
                          <FlexValue>12</FlexValue>
                          <UnitsRef IDREF="Word16"/>
                        </OffsetValue>
                      </FieldOffset>
                      <FieldWidth>
                        <FlexValue>1</FlexValue>
                        <UnitsRef IDREF="Word16"/>
                      </FieldWidth>
                    </FieldLocation>
                    <FieldEncoding>
                      <Endianness>BigEndian</Endianness>
                      <DigitalEncoding>Two'sComplement</DigitalEncoding>
                    </FieldEncoding>
                    <FieldRepetitions>0</FieldRepetitions>
                  </PackageDataField>
                </PackageDataFieldSet>
              </DataStructure>
              <DataMap>
                <DataWordToFieldMap>
                  <DataWord>
                    <DataWordWidth>
                      <FlexValue>2</FlexValue>
                      <UnitsRef IDREF="Word16"/>
                    </DataWordWidth>
                    <Syllable>
                      <SampledMeasurementRef IDREF="SampMeas_ALT"/>
                      <SyllableMask>0x7FFFF</SyllableMask>
                      <SyllableWidth>
                        <FlexValue>19</FlexValue>
                        <SIUnits>Bit</SIUnits>
                      </SyllableWidth>
                      <SyllableStartBit>1</SyllableStartBit>
                      <DataWordOffset>13</DataWordOffset>
                    </Syllable>
                  </DataWord>
                  <PackageDataFieldSetRef IDREF="MS1553_Bus_AV3_MSG_Field11_12Set"/>
                  <TimeOrder>Unspecified</TimeOrder>
                </DataWordToFieldMap>
              </DataMap>
            </MILSTD1553Message>
          </MILSTD1553Messages>
        </DataStream>

        <DataStream ID="MS1553_Bus_NAV">
          <DataStreamID>1553 Bus NAV</DataStreamID>
          <DataStreamType>MILSTD1553</DataStreamType>
          <MILSTD1553Messages>
            <MILSTD1553Message ID="MS1553_Bus_NAV_MSG1">
              <MILSTD1553MessageType>RemoteTerminalToRemoteTerminal</MILSTD1553MessageType>
              <MILSTD1553RemoteTerminal>13</MILSTD1553RemoteTerminal>
              <MILSTD1553SubaddressOrMode>7</MILSTD1553SubaddressOrMode>
              <MILSTD1553TransmitReceive>Receive</MILSTD1553TransmitReceive>
              <MILSTD1553WordCountOrModeCode>30</MILSTD1553WordCountOrModeCode>
              <DataStructure ID="MS1553_Bus_NAV_MSG1_STRUCT">
                <!-- NOTE: Structure includes additional Fields not included in this example -->
                <PackageDataField ID="MS1553_Bus_NAV_MSG_Field8">
                  <FieldLocation ID="MS1553_Bus_NAV_MSG_Field8_Loc">
                    <FieldOffset>
                      <OffsetValue>
                        <FlexValue>8</FlexValue>
                        <UnitsRef IDREF="Word16"/>
                      </OffsetValue>
                    </FieldOffset>
                    <FieldWidth>
                      <FlexValue>1</FlexValue>
                      <UnitsRef IDREF="Word16"/>
                    </FieldWidth>
                  </FieldLocation>
                  <FieldEncoding>
                    <Endianness>BigEndian</Endianness>
                    <DigitalEncoding>Two'sComplement</DigitalEncoding>
                  </FieldEncoding>
                  <FieldRepetitions>0</FieldRepetitions>
                </PackageDataField>
                <PackageDataField ID="MS1553_Bus_NAV_MSG_Field9">
                  <FieldLocation ID="MS1553_Bus_NAV_MSG_Field9_Loc">
                    <FieldOffset>
                      <OffsetValue>
                        <FlexValue>9</FlexValue>
                        <UnitsRef IDREF="Word16"/>
                      </OffsetValue>
                    </FieldOffset>
                    <FieldWidth>
                      <FlexValue>1</FlexValue>
                      <UnitsRef IDREF="Word16"/>
                    </FieldWidth>
                  </FieldLocation>
                  <FieldEncoding>
                    <Endianness>BigEndian</Endianness>
                    <DigitalEncoding>Two'sComplement</DigitalEncoding>
                  </FieldEncoding>
                  <FieldRepetitions>0</FieldRepetitions>
                </PackageDataField>
              </DataStructure>
              <DataMap>
                <DataWordToFieldMap>
                  <DataWord>
                    <DataWordWidth>
                      <FlexValue>1</FlexValue>
                      <UnitsRef IDREF="Word16"/>
                    </DataWordWidth>
                    <Syllable>
                      <SampledMeasurementRef IDREF="SampMeas_ROLRATE"/>
                      <SyllableMask>0xffff</SyllableMask>
                      <SyllableWidth>
                        <FlexValue>1</FlexValue>
                        <UnitsRef IDREF="Word16"/>
                      </SyllableWidth>
                      <SyllableStartBit>1</SyllableStartBit>
                      <DataWordOffset>0</DataWordOffset>
                    </Syllable>
                  </DataWord>
                  <PackageDataFieldRef IDREF="MS1553_Bus_NAV_MSG_Field8"/>
                  <TimeOrder>Unspecified</TimeOrder>
                </DataWordToFieldMap>
                <DataWordToFieldMap>
                  <DataWord>
                    <DataWordWidth>
                      <FlexValue>1</FlexValue>
                      <UnitsRef IDREF="Word16"/>
                    </DataWordWidth>
                    <Syllable>
                      <SampledMeasurementRef IDREF="SampMeas_PTCHRATE"/>
                      <SyllableMask>0xffff</SyllableMask>
                      <SyllableWidth>
                        <FlexValue>1</FlexValue>
                        <UnitsRef IDREF="Word16"/>
                      </SyllableWidth>
                      <SyllableStartBit>1</SyllableStartBit>
                      <DataWordOffset>0</DataWordOffset>
                    </Syllable>
                  </DataWord>
                  <PackageDataFieldRef IDREF="MS1553_Bus_NAV_MSG_Field9"/>
                  <TimeOrder>Unspecified</TimeOrder>
                </DataWordToFieldMap>
              </DataMap>
            </MILSTD1553Message>
          </MILSTD1553Messages>
        </DataStream>

        <DataStream ID="MS1553_Bus_GPS">
          <DataStreamID>1553 Bus GPS</DataStreamID>
          <DataStreamType>MILSTD1553</DataStreamType>
          <MILSTD1553Messages>
            <MILSTD1553Message ID="MS1553_Bus_GPS_MSG1">
              <MILSTD1553MessageType>RemoteTerminalToRemoteTerminal</MILSTD1553MessageType>
              <MILSTD1553RemoteTerminal>25</MILSTD1553RemoteTerminal>
              <MILSTD1553SubaddressOrMode>10</MILSTD1553SubaddressOrMode>
              <MILSTD1553TransmitReceive>Receive</MILSTD1553TransmitReceive>
              <MILSTD1553WordCountOrModeCode>30</MILSTD1553WordCountOrModeCode>
              <DataStructure ID="MS1553_Bus_GPS_MSG1_STRUCT">
                <!-- NOTE: Structure includes additional Fields not included in this example -->
                <PackageDataField ID="MS1553_Bus_GPS_MSG_Field28">
                  <FieldLocation ID="MS1553_Bus_GPS_MSG_Field28_Loc">
                    <FieldOffset>
                      <OffsetValue>
                        <FlexValue>28</FlexValue>
                        <UnitsRef IDREF="Word16"/>
                      </OffsetValue>
                    </FieldOffset>
                    <FieldWidth>
                      <FlexValue>1</FlexValue>
                      <UnitsRef IDREF="Word16"/>
                    </FieldWidth>
                  </FieldLocation>
                  <FieldEncoding>
                    <Endianness>BigEndian</Endianness>
                    <DigitalEncoding>Two'sComplement</DigitalEncoding>
                  </FieldEncoding>
                  <FieldRepetitions>0</FieldRepetitions>
                </PackageDataField>
              </DataStructure>
              <DataMap>
                <DataWordToFieldMap>
                  <DataWord>
                    <DataWordWidth>
                      <FlexValue>1</FlexValue>
                      <UnitsRef IDREF="Word16"/>
                    </DataWordWidth>
                    <Syllable>
                      <SampledMeasurementRef IDREF="SampMeas_LATPSN"/>
                      <SyllableMask>0x0fff</SyllableMask>
                      <SyllableWidth>
                        <FlexValue>12</FlexValue>
                        <SIUnits>Bit</SIUnits>
                      </SyllableWidth>
                      <SyllableStartBit>1</SyllableStartBit>
                      <DataWordOffset>0</DataWordOffset>
                    </Syllable>
                  </DataWord>
                  <PackageDataFieldRef IDREF="MS1553_Bus_GPS_MSG_Field28"/>
                  <TimeOrder>Unspecified</TimeOrder>
                </DataWordToFieldMap>
              </DataMap>
            </MILSTD1553Message>
          </MILSTD1553Messages>
        </DataStream>

      </DataStreamDescriptions>
    </AvailableData>
  </MessageDefinitionDomain>
</MessageDefinitionDomains>
