<?xml version="1.0"?>
<MDLRoot xmlns:xsi="http://www.w3.org/2001/XMLSchema-instance" 
         xmlns="http://inetprogram.org/projects/MDL" 
         xmlns:mdl="http://inetprogram.org/projects/MDL" 
         xmlns:tmats="https://wsmrc2vger.wsmr.army.mil/rcc/manuals/106-11" 
         xsi:schemaLocation="http://inetprogram.org/projects/MDL MDL_v0_8_14.xsd">
  <DatabaseID>example id string</DatabaseID>
  <Checksum>not present</Checksum>
  <ConfigurationVersion>0.0.1</ConfigurationVersion>
  <DirtyBit>false</DirtyBit>
  <TestMissions>
    <TestMission>
      <Name>Asset Associations Example</Name>
      <Description>description to be added</Description>
      <TmNSCompleteness>false</TmNSCompleteness>
      <TmNSCompletenessDescription>4 Dau Test</TmNSCompletenessDescription>
      <NetworkReferences>
        <NetworkRef IDREF="TestArticleNetworkID"/>
        <NetworkRef IDREF="GroundNetworkID"/>
      </NetworkReferences>
      <AssetAssociations>
        <SSTAssoc>
          <Name>SSTA1</Name>
          <Description>SST Association 1</Description>
          <Active>true</Active>
          <SSTChannelRef IDREF="SSTTx1Chan1"/>
          <SSTChannelRef IDREF="SSTRx1Chan1"/>
        </SSTAssoc>
        <SSTAssoc>
          <Name>SSTA2</Name>
          <Description>SST Association 2</Description>
          <Active>true</Active>
          <SSTChannelRef IDREF="SSTTx2Chan1"/>
          <SSTChannelRef IDREF="SSTRx2Chan1"/>
        </SSTAssoc>
        <RadioAssoc>
          <Name>RA1</Name>
          <Description>Radio Association 1</Description>
          <Active>true</Active>
          <ManageableAppRef IDREF="TARadioApp"/>
          <ManageableAppRef IDREF="GroundRadioApp"/>
        </RadioAssoc>
      </AssetAssociations>
    </TestMission>
  </TestMissions>
  <NetworkDomains>
    <Network ID="TestArticleNetworkID">
      <Name>Test Article Network</Name>
      <Description>TA network</Description>
      <NetworkType>TestArticleNetwork</NetworkType>

      <NetworkNode ID="TARadio">
        <Name>TARadio</Name>
        <Description>description to be added</Description>
        <InventoryID>TARadioInvID</InventoryID>
        <HostName>taradio1</HostName>
        <TmNSStandardsVersion>TBD version</TmNSStandardsVersion>
        <Manufacturer>Radio Vendor Co</Manufacturer>
        <Model>WhizzBang</Model>
        <ModelVersion>1.0</ModelVersion>
        <SerialIdentifier>4567-8912-RA</SerialIdentifier>
        <IEEE1588SupportedVersion>2002</IEEE1588SupportedVersion>
        <IEEE1588SupportedVersion>2008e2e</IEEE1588SupportedVersion>
        <IEEE1588ClockMode>SynchronizedSlave</IEEE1588ClockMode>
        <IEEE1588v2008TransparentClockMode>EndToEnd</IEEE1588v2008TransparentClockMode>
        <TmNSManageableApps>
          <TmNSManageableApp ID="TARadioApp">
            <Name>TA Radio App</Name>
            <Description>vendor app for WhizzBang radio</Description>
            <RoleID>TARadio-001</RoleID>
            <LoggingLevels>
              <Trace>true</Trace>
              <Debug>false</Debug>
              <Info>true</Info>
              <Warning>false</Warning>
              <Error>false</Error>
              <Critical>false</Critical>
            </LoggingLevels>
            <Manufacturer>Radio Vendor Co</Manufacturer>
            <Product>WhizzBang Radio Software</Product>
            <ProductVersion>1.0</ProductVersion>
            <ConfigurationVersion>0.0.1</ConfigurationVersion>
            <DirtyBit>false</DirtyBit>
            <LaunchCommand>unused</LaunchCommand>
            <TmNSRadio>
              <RANConfigRef IDREF="RANConfig1"/>
              <RadioType>TA Radio</RadioType>
              <RFAddress>24</RFAddress>
              <FragmentationPersistencePeriodUSec>1000</FragmentationPersistencePeriodUSec>
              <AutoConfigureLinksBearers>false</AutoConfigureLinksBearers>
              <TxPowerLeveldBm>5</TxPowerLeveldBm>
              <LowPowerModeEnable>false</LowPowerModeEnable>
              <DynamicPowerControlEnable>false</DynamicPowerControlEnable>
              <LinkAgent>
                <NetworkInterfaceRef IDREF="TARadioIFace"/>
                <ListeningPort>3456</ListeningPort>
              </LinkAgent>
            </TmNSRadio>
          </TmNSManageableApp>
        </TmNSManageableApps>
        <NetworkInterface ID="TARadioIFace">
          <Name>eth0</Name>
          <DHCPEnable>false</DHCPEnable>
          <IPAddress>192.168.0.7</IPAddress>
          <Netmask>255.255.255.0</Netmask>
          <Gateway>192.168.0.1</Gateway>
          <MACAddress>00:00:00:00:00:00</MACAddress>
          <PhysicalNetworkPort ID="TARadioPhyNetPort">
            <Name>TARadio Phy Net Port</Name>
            <Description>unused</Description>
            <Medium>Copper</Medium>
            <PortNumber>1</PortNumber>
            <PortDataRate>
              <FloatValue>1e9</FloatValue>
              <SIUnits>BitPerSecond</SIUnits>
            </PortDataRate>
          </PhysicalNetworkPort>
        </NetworkInterface>
        <Ports>
          <Port ID="TARadioPort">
            <Name>TARadioPort</Name>
            <Description>unused</Description>
            <PortDirection>Bidirectional</PortDirection>
            <PhysicalNetworkPortRef IDREF="TARadioPhyNetPort"/>
          </Port>
        </Ports>
      </NetworkNode>

      <NetworkNode ID="SSTTransmitter1">
        <Name>SST Transmitter 1</Name>
        <Description>unused</Description>
        <InventoryID>SST-00010</InventoryID>
        <HostName>ssttx1</HostName>
        <TmNSStandardsVersion>TBD version</TmNSStandardsVersion>
        <Manufacturer>SST Vendor Co</Manufacturer>
        <Model>WhizzSmash</Model>
        <ModelVersion>1.0</ModelVersion>
        <SerialIdentifier>567-8912-SST</SerialIdentifier>
        <IEEE1588SupportedVersion>2002</IEEE1588SupportedVersion>
        <IEEE1588SupportedVersion>2008e2e</IEEE1588SupportedVersion>
        <IEEE1588ClockMode>SynchronizedSlave</IEEE1588ClockMode>
        <IEEE1588v2008TransparentClockMode>EndToEnd</IEEE1588v2008TransparentClockMode>
        <TmNSManageableApps>
          <TmNSManageableApp ID="SSTTx1App">
            <Name>SST App</Name>
            <Description>unused</Description>
            <RoleID>TmNS-SSTTx-00010</RoleID>
            <LoggingLevels>
              <Trace>true</Trace>
              <Debug>false</Debug>
              <Info>true</Info>
              <Warning>false</Warning>
              <Error>false</Error>
              <Critical>false</Critical>
            </LoggingLevels>
            <Manufacturer>Radio Vendor Co</Manufacturer>
            <Product>WhizzBang Radio Software</Product>
            <ProductVersion>1.0</ProductVersion>
            <ConfigurationVersion>0.0.1</ConfigurationVersion>
            <DirtyBit>false</DirtyBit>
            <LaunchCommand>unused</LaunchCommand>
            <TmNSSSTTx>
              <SSTTxRCCVersion>TBD</SSTTxRCCVersion>
              <Channel ID="SSTTx1Chan1">
<Name>TBD name</Name>
                <ChannelNumber>30</ChannelNumber>
                <CenterFrequency>
                  <FloatValue>1800e6</FloatValue>
                  <SIUnits>Hertz</SIUnits>
                </CenterFrequency>
                <DiffEncoding>true</DiffEncoding>
                <Randomize>false</Randomize>
                <RFEnable>true</RFEnable>
                <RFHighPowerEnable>true</RFHighPowerEnable>
                <DataPolarityInverted>false</DataPolarityInverted>
                <DataSourceInternal>false</DataSourceInternal>
                <InternalClock>true</InternalClock>
                <FECEnable>false</FECEnable>
                <FECType>undefined</FECType>
                <SleepMode>false</SleepMode>
              </Channel>
            </TmNSSSTTx>
          </TmNSManageableApp>
        </TmNSManageableApps>
        <NetworkInterface ID="SSTTx1IFace">
          <Name>eth0</Name>
          <DHCPEnable>false</DHCPEnable>
          <IPAddress>192.168.0.8</IPAddress>
          <Netmask>255.255.255.0</Netmask>
          <Gateway>192.168.0.1</Gateway>
          <MACAddress>00:00:00:00:00:00</MACAddress>
          <PhysicalNetworkPort ID="SSTTx1PhyNetPort">
            <Name>SST Tx 1 Phy Net Port</Name>
            <Description>unused</Description>
            <Medium>Copper</Medium>
            <PortNumber>1</PortNumber>
            <PortDataRate>
              <FloatValue>1e9</FloatValue>
              <SIUnits>BitPerSecond</SIUnits>
            </PortDataRate>
          </PhysicalNetworkPort>
        </NetworkInterface>
        <Ports>
          <Port ID="SSTTx1Port">
            <Name>SSTTx1Port</Name>
            <Description>unused</Description>
            <PortDirection>Bidirectional</PortDirection>
            <PhysicalNetworkPortRef IDREF="SSTTx1PhyNetPort"/>
          </Port>
        </Ports>
      </NetworkNode>

      <NetworkNode ID="SSTTransmitter2">
        <Name>SST Transmitter 2</Name>
        <Description>unused</Description>
        <InventoryID>SST-00020</InventoryID>
        <HostName>ssttx1</HostName>
        <TmNSStandardsVersion>TBD version</TmNSStandardsVersion>
        <Manufacturer>SST Vendor Co</Manufacturer>
        <Model>WhizzSmash</Model>
        <ModelVersion>1.0</ModelVersion>
        <SerialIdentifier>567-8912-SST</SerialIdentifier>
        <IEEE1588SupportedVersion>2002</IEEE1588SupportedVersion>
        <IEEE1588SupportedVersion>2008e2e</IEEE1588SupportedVersion>
        <IEEE1588ClockMode>SynchronizedSlave</IEEE1588ClockMode>
        <IEEE1588v2008TransparentClockMode>EndToEnd</IEEE1588v2008TransparentClockMode>
        <TmNSManageableApps>
          <TmNSManageableApp ID="SSTTx2App">
            <Name>SST App</Name>
            <Description>unused</Description>
            <RoleID>TmNS-SSTTx-00011</RoleID>
            <LoggingLevels>
              <Trace>true</Trace>
              <Debug>false</Debug>
              <Info>true</Info>
              <Warning>false</Warning>
              <Error>false</Error>
              <Critical>false</Critical>
            </LoggingLevels>
            <Manufacturer>Radio Vendor Co</Manufacturer>
            <Product>WhizzBang Radio Software</Product>
            <ProductVersion>1.0</ProductVersion>
            <ConfigurationVersion>0.0.1</ConfigurationVersion>
            <DirtyBit>false</DirtyBit>
            <LaunchCommand>unused</LaunchCommand>
            <TmNSSSTTx>
              <SSTTxRCCVersion>TBD</SSTTxRCCVersion>
              <Channel ID="SSTTx2Chan1">
<Name>TBD name</Name>
                <ChannelNumber>31</ChannelNumber>
                <CenterFrequency>
                  <FloatValue>1850e6</FloatValue>
                  <SIUnits>Hertz</SIUnits>
                </CenterFrequency>
                <DiffEncoding>true</DiffEncoding>
                <Randomize>false</Randomize>
                <RFEnable>true</RFEnable>
                <RFHighPowerEnable>true</RFHighPowerEnable>
                <DataPolarityInverted>false</DataPolarityInverted>
                <DataSourceInternal>false</DataSourceInternal>
                <InternalClock>true</InternalClock>
                <FECEnable>false</FECEnable>
                <FECType>undefined</FECType>
                <SleepMode>false</SleepMode>
              </Channel>
            </TmNSSSTTx>
          </TmNSManageableApp>
        </TmNSManageableApps>
        <NetworkInterface ID="SSTTx2IFace">
          <Name>eth0</Name>
          <DHCPEnable>false</DHCPEnable>
          <IPAddress>192.168.0.9</IPAddress>
          <Netmask>255.255.255.0</Netmask>
          <Gateway>192.168.0.1</Gateway>
          <MACAddress>00:00:00:00:00:00</MACAddress>
          <PhysicalNetworkPort ID="SSTTx2PhyNetPort">
            <Name>SST Tx 2 Phy Net Port</Name>
            <Description>unused</Description>
            <Medium>Copper</Medium>
            <PortNumber>1</PortNumber>
            <PortDataRate>
              <FloatValue>1e9</FloatValue>
              <SIUnits>BitPerSecond</SIUnits>
            </PortDataRate>
          </PhysicalNetworkPort>
        </NetworkInterface>
        <Ports>
          <Port ID="SSTTx2Port">
            <Name>SSTTx2Port</Name>
            <Description>unused</Description>
            <PortDirection>Bidirectional</PortDirection>
            <PhysicalNetworkPortRef IDREF="SSTTx2PhyNetPort"/>
          </Port>
        </Ports>
      </NetworkNode>

      <Devices>
        <Antenna>
          <Name>TA Antenna 1</Name>
          <Description>TA Antenna 1</Description>
          <Manufacturer>Antenna Vendor Co</Manufacturer>
          <ModelNumber>Ultra-Band</ModelNumber>
          <SerialNumber>2345-09487</SerialNumber>
          <SSTTxs>
            <ManageableAppRef IDREF="SSTTx1App"/>
            <ManageableAppRef IDREF="SSTTx2App"/>
          </SSTTxs>
          <Radios>
            <ManageableAppRef IDREF="TARadioApp"/>
          </Radios>
        </Antenna>
      </Devices>
    </Network>

    <Network ID="GroundNetworkID">
      <Name>Ground Network</Name>
      <Description>Ground Network</Description>
      <NetworkType>GroundNetwork</NetworkType>

      <NetworkNode ID="GroundRadio">
        <Name>GroundRadio</Name>
        <Description>description to be added</Description>
        <InventoryID>GroundRadioInvID</InventoryID>
        <HostName>taradio1</HostName>
        <TmNSStandardsVersion>TBD version</TmNSStandardsVersion>
        <Manufacturer>Radio Vendor Co</Manufacturer>
        <Model>WhizzBang</Model>
        <ModelVersion>1.0</ModelVersion>
        <SerialIdentifier>4567-8912-RA</SerialIdentifier>
        <IEEE1588SupportedVersion>2002</IEEE1588SupportedVersion>
        <IEEE1588SupportedVersion>2008e2e</IEEE1588SupportedVersion>
        <IEEE1588ClockMode>SynchronizedSlave</IEEE1588ClockMode>
        <IEEE1588v2008TransparentClockMode>EndToEnd</IEEE1588v2008TransparentClockMode>
        <TmNSManageableApps>
          <TmNSManageableApp ID="GroundRadioApp">
            <Name>Ground Radio App</Name>
            <Description>unused</Description>
            <RoleID>GroundRadio-001</RoleID>
            <LoggingLevels>
              <Trace>true</Trace>
              <Debug>false</Debug>
              <Info>true</Info>
              <Warning>false</Warning>
              <Error>false</Error>
              <Critical>false</Critical>
            </LoggingLevels>
            <Manufacturer>Radio Vendor Co</Manufacturer>
            <Product>WhizzBang Radio Software</Product>
            <ProductVersion>1.0</ProductVersion>
            <ConfigurationVersion>0.0.1</ConfigurationVersion>
            <DirtyBit>false</DirtyBit>
            <LaunchCommand>unused</LaunchCommand>
            <TmNSRadio>
              <RANConfigRef IDREF="RANConfig1"/>
              <RadioType>Ground Radio</RadioType>
              <RFAddress>26</RFAddress>
              <FragmentationPersistencePeriodUSec>1000</FragmentationPersistencePeriodUSec>
              <AutoConfigureLinksBearers>false</AutoConfigureLinksBearers>
              <TxPowerLeveldBm>5</TxPowerLeveldBm>
              <LowPowerModeEnable>false</LowPowerModeEnable>
              <DynamicPowerControlEnable>false</DynamicPowerControlEnable>
              <LinkAgent>
                <NetworkInterfaceRef IDREF="GroundRadioIFace"/>
                <ListeningPort>3456</ListeningPort>
              </LinkAgent>
            </TmNSRadio>
          </TmNSManageableApp>
        </TmNSManageableApps>
        <NetworkInterface ID="GroundRadioIFace">
          <Name>eth0</Name>
          <DHCPEnable>false</DHCPEnable>
          <IPAddress>192.168.0.7</IPAddress>
          <Netmask>255.255.255.0</Netmask>
          <Gateway>192.168.0.1</Gateway>
          <MACAddress>00:00:00:00:00:00</MACAddress>
          <PhysicalNetworkPort ID="GroundRadioPhyNetPort">
            <Name>GroundRadio Phy Net Port</Name>
            <Description>unused</Description>
            <Medium>Copper</Medium>
            <PortNumber>1</PortNumber>
            <PortDataRate>
              <FloatValue>1e9</FloatValue>
              <SIUnits>BitPerSecond</SIUnits>
            </PortDataRate>
          </PhysicalNetworkPort>
        </NetworkInterface>
        <Ports>
          <Port ID="GroundRadioPort">
            <Name>GroundRadioPort</Name>
            <Description>unused</Description>
            <PortDirection>Bidirectional</PortDirection>
            <PhysicalNetworkPortRef IDREF="GroundRadioPhyNetPort"/>
          </Port>
        </Ports>
      </NetworkNode>

      <NetworkNode ID="SSTReceiver">
        <Name>SST Receiver</Name>
        <Description>description to be added</Description>
        <InventoryID>SST-RX-00010</InventoryID>
        <HostName>taradio1</HostName>
        <TmNSStandardsVersion>TBD version</TmNSStandardsVersion>
        <Manufacturer>Radio Vendor Co</Manufacturer>
        <Model>WhizzBang</Model>
        <ModelVersion>1.0</ModelVersion>
        <SerialIdentifier>4567-8912-RA</SerialIdentifier>
        <IEEE1588SupportedVersion>2002</IEEE1588SupportedVersion>
        <IEEE1588SupportedVersion>2008e2e</IEEE1588SupportedVersion>
        <IEEE1588ClockMode>SynchronizedSlave</IEEE1588ClockMode>
        <IEEE1588v2008TransparentClockMode>EndToEnd</IEEE1588v2008TransparentClockMode>
        <TmNSManageableApps>
          <TmNSManageableApp ID="SSTRxApp1">
            <Name>Receiver1</Name>
            <Description>unused</Description>
            <RoleID>TmNS-SSTRx-00010</RoleID>
            <LoggingLevels>
              <Trace>true</Trace>
              <Debug>false</Debug>
              <Info>true</Info>
              <Warning>false</Warning>
              <Error>false</Error>
              <Critical>false</Critical>
            </LoggingLevels>
            <Manufacturer>SST Vendor Co</Manufacturer>
            <Product> SST Software</Product>
            <ProductVersion>1.0</ProductVersion>
            <ConfigurationVersion>0.0.1</ConfigurationVersion>
            <DirtyBit>false</DirtyBit>
            <LaunchCommand>unused</LaunchCommand>
            <TmNSSSTRx>
              <Channel ID="SSTRx1Chan1">
                <Name>SST Rx Channel 1</Name>
                <ChannelNumber>30</ChannelNumber>
                <CenterFrequency>
                  <FloatValue>1800e6</FloatValue>
                  <SIUnits>Hertz</SIUnits>
                </CenterFrequency>
                <AutoGainMode>true</AutoGainMode>
                <ClockPolarityInverted>false</ClockPolarityInverted>
                <DataPolarityInverted>false</DataPolarityInverted>
                <SweepEnable>false</SweepEnable>
                <DiffDecoding>true</DiffDecoding>
                <Derandomize>false</Derandomize>
                <DataSourceSimulated>false</DataSourceSimulated>
                <FECEnable>false</FECEnable>
              </Channel>
              <Channel ID="SSTRx1Chan2">
                <Name>SST Rx1 Channel 2</Name>
                <ChannelNumber>33</ChannelNumber>
                <CenterFrequency>
                  <FloatValue>1950e6</FloatValue>
                  <SIUnits>Hertz</SIUnits>
                </CenterFrequency>
                <AutoGainMode>true</AutoGainMode>
                <ClockPolarityInverted>false</ClockPolarityInverted>
                <DataPolarityInverted>false</DataPolarityInverted>
                <SweepEnable>false</SweepEnable>
                <DiffDecoding>true</DiffDecoding>
                <Derandomize>false</Derandomize>
                <DataSourceSimulated>false</DataSourceSimulated>
                <FECEnable>false</FECEnable>
              </Channel>
            </TmNSSSTRx>
          </TmNSManageableApp>
          <TmNSManageableApp ID="SSTRxApp2">
            <Name>Receiver2</Name>
            <Description>Receiver 2 description</Description>
            <RoleID>TmNS-SSTRx-00011</RoleID>
            <LoggingLevels>
              <Trace>true</Trace>
              <Debug>false</Debug>
              <Info>true</Info>
              <Warning>false</Warning>
              <Error>false</Error>
              <Critical>false</Critical>
            </LoggingLevels>
            <Manufacturer>SST Vendor Co</Manufacturer>
            <Product> SST Software</Product>
            <ProductVersion>1.0</ProductVersion>
            <ConfigurationVersion>0.0.1</ConfigurationVersion>
            <DirtyBit>false</DirtyBit>
            <LaunchCommand>unused</LaunchCommand>
            <TmNSSSTRx>
              <Channel ID="SSTRx2Chan1">
                <Name>SST Rx2 Channel 1</Name>
                <ChannelNumber>31</ChannelNumber>
                <CenterFrequency>
                  <FloatValue>1850e6</FloatValue>
                  <SIUnits>Hertz</SIUnits>
                </CenterFrequency>
                <AutoGainMode>true</AutoGainMode>
                <ClockPolarityInverted>false</ClockPolarityInverted>
                <DataPolarityInverted>false</DataPolarityInverted>
                <SweepEnable>false</SweepEnable>
                <DiffDecoding>true</DiffDecoding>
                <Derandomize>false</Derandomize>
                <DataSourceSimulated>false</DataSourceSimulated>
                <FECEnable>false</FECEnable>
              </Channel>
              <Channel ID="SSTRx2Chan2">
                <Name>SST Rx2 Channel 2</Name>
                <ChannelNumber>32</ChannelNumber>
                <CenterFrequency>
                  <FloatValue>1900e6</FloatValue>
                  <SIUnits>Hertz</SIUnits>
                </CenterFrequency>
                <AutoGainMode>true</AutoGainMode>
                <ClockPolarityInverted>false</ClockPolarityInverted>
                <DataPolarityInverted>false</DataPolarityInverted>
                <SweepEnable>false</SweepEnable>
                <DiffDecoding>true</DiffDecoding>
                <Derandomize>false</Derandomize>
                <DataSourceSimulated>false</DataSourceSimulated>
                <FECEnable>false</FECEnable>
              </Channel>
            </TmNSSSTRx>
          </TmNSManageableApp>
        </TmNSManageableApps>
        <NetworkInterface ID="SSTRxIFace">
          <Name>eth0</Name>
          <DHCPEnable>false</DHCPEnable>
          <IPAddress>192.168.0.10</IPAddress>
          <Netmask>255.255.255.0</Netmask>
          <Gateway>192.168.0.1</Gateway>
          <MACAddress>00:00:00:00:00:00</MACAddress>
          <PhysicalNetworkPort ID="SSTRxPhyNetPort">
            <Name>SST Tx Phy Net Port</Name>
            <Description>unused</Description>
            <Medium>Copper</Medium>
            <PortNumber>1</PortNumber>
            <PortDataRate>
              <FloatValue>1e9</FloatValue>
              <SIUnits>BitPerSecond</SIUnits>
            </PortDataRate>
          </PhysicalNetworkPort>
        </NetworkInterface>
        <Ports>
          <Port ID="SSTRxPort">
            <Name>SSTRxPort</Name>
            <Description>unused</Description>
            <PortDirection>Bidirectional</PortDirection>
            <PhysicalNetworkPortRef IDREF="SSTRxPhyNetPort"/>
          </Port>
        </Ports>
      </NetworkNode>

      <NetworkNode ID="ACU1">
        <Name>ACU1</Name>
        <Description>Antenna Control Unit 1</Description>
        <InventoryID>ACU-00010</InventoryID>
        <HostName>taradio1</HostName>
        <TmNSStandardsVersion>TBD version</TmNSStandardsVersion>
        <Manufacturer>Radio Vendor Co</Manufacturer>
        <Model>WhizzBang</Model>
        <ModelVersion>1.0</ModelVersion>
        <SerialIdentifier>4567-8912-RA</SerialIdentifier>
        <IEEE1588SupportedVersion>2002</IEEE1588SupportedVersion>
        <IEEE1588SupportedVersion>2008e2e</IEEE1588SupportedVersion>
        <IEEE1588ClockMode>SynchronizedSlave</IEEE1588ClockMode>
        <IEEE1588v2008TransparentClockMode>EndToEnd</IEEE1588v2008TransparentClockMode>
        <TmNSManageableApps>
          <TmNSManageableApp ID="ACUApp">
            <Name>ACU App</Name>
            <Description> Antenna Control Unit App</Description>
            <RoleID>TmNS-ACU</RoleID>
            <LoggingLevels>
              <Trace>true</Trace>
              <Debug>false</Debug>
              <Info>true</Info>
              <Warning>false</Warning>
              <Error>false</Error>
              <Critical>false</Critical>
            </LoggingLevels>
            <Manufacturer>SST Vendor Co</Manufacturer>
            <Product> SST Software</Product>
            <ProductVersion>1.0</ProductVersion>
            <ConfigurationVersion>0.0.1</ConfigurationVersion>
            <DirtyBit>false</DirtyBit>
            <LaunchCommand>unused</LaunchCommand>
            <TmNSACU>
              <TrackingReceiver>
                <ManageableAppRef IDREF="SSTRxApp2"/>
              </TrackingReceiver>
              <ServoEnergized>true</ServoEnergized>
              <FeedEnabled>true</FeedEnabled>
              <AutoTrackingEnabled>true</AutoTrackingEnabled>
              <TrackingMode>Search</TrackingMode>
            </TmNSACU>
            <SNMPInterface>
              <SNMPVersion>3</SNMPVersion>
              <SNMPPort>161</SNMPPort>
              <NotificationPort>162</NotificationPort>
              <DSCPTableEntryRef IDREF="DiffservLTC"/>
              <NetworkInterfaceRef IDREF="ACUComputerIFace"/>
              <Notifications>
                <NotificationDestinations>
                </NotificationDestinations>
              </Notifications>
            </SNMPInterface>
          </TmNSManageableApp>
        </TmNSManageableApps>
        <NetworkInterface ID="ACUComputerIFace">
          <Name>eth0</Name>
          <DHCPEnable>false</DHCPEnable>
          <IPAddress>192.168.0.7</IPAddress>
          <Netmask>255.255.255.0</Netmask>
          <Gateway>192.168.0.1</Gateway>
          <MACAddress>00:00:00:00:00:00</MACAddress>
          <PhysicalNetworkPort ID="ACUComputerPhyNetPort">
            <Name>ACU Computer PhyNetPort</Name>
            <Description>unused</Description>
            <Medium>Copper</Medium>
            <PortNumber>1</PortNumber>
            <PortDataRate>
              <FloatValue>1e9</FloatValue>
              <SIUnits>BitPerSecond</SIUnits>
            </PortDataRate>
          </PhysicalNetworkPort>
        </NetworkInterface>
        <Ports>
          <Port ID="ACUComputerPort">
            <Name>ACU Computer Port</Name>
            <Description>unused</Description>
            <PortDirection>Bidirectional</PortDirection>
            <PhysicalNetworkPortRef IDREF="ACUComputerPhyNetPort"/>
          </Port>
        </Ports>
      </NetworkNode>

      <Devices>
        <Antenna>
          <Name>Ground Antenna 1</Name>
          <Description>Antenna Site Bravo</Description>
          <Manufacturer>Ground Antenna Vendor Co</Manufacturer>
          <ModelNumber>Ultra-Band Ground</ModelNumber>
          <SerialNumber>2345-09547</SerialNumber>
          <ACU>
            <ManageableAppRef IDREF="ACUApp"/>
          </ACU>
          <SSTRxs>
            <ManageableAppRef IDREF="SSTRxApp1"/>
            <ManageableAppRef IDREF="SSTRxApp2"/>
          </SSTRxs>
          <Radios>
            <ManageableAppRef IDREF="GroundRadioApp"/>
          </Radios>
        </Antenna>
      </Devices>
    </Network>
  </NetworkDomains>

  <RANConfigs>
    <RANConfig ID="RANConfig1">
      <Name>Example RAN</Name>
      <Description>This is an example RAN configuration</Description>
      <CenterFreqHz>1234</CenterFreqHz> <!--Obviously a fake value-->
      <ModulationType>SOQPSK-TG</ModulationType>
      <EpochSize>100</EpochSize>
      <ContentionPeriodOpsEnable>true</ContentionPeriodOpsEnable>
      <LDPCBlocksPerBurst>4</LDPCBlocksPerBurst>
      <MaxGuardTimeSec>0.001234</MaxGuardTimeSec> <!--Just a fake value-->
      <RadioControlLoopDSCPRef IDREF="DiffservLMHigh"/> <!--assumed a fake value-->
      <RANCommandControlDSCPRef IDREF="DiffservLMLow"/> <!--assumed a fake value-->
    </RANConfig>
  </RANConfigs>

  <DSCPTable>
    <ReadOnly>true</ReadOnly>
    <Owner>SDD Range Rules</Owner>
    <DSCPTableEntry ID="DiffservLTC">
      <Name>Diffserv LTC (Best Effort)</Name>
      <Description>Diffserv LTC (Best Effort PHB)</Description>
      <DSCPValue>0b000000</DSCPValue>
    </DSCPTableEntry>
    <DSCPTableEntry ID="DiffservRCLow">
      <Name>Diffserv RC Low (Assured Forwarding DSCP 8)</Name>
      <Description>Diffserv RC Low (Assured Forwarding DSCP 8)</Description>
      <DSCPValue>0b001000</DSCPValue>
    </DSCPTableEntry>
    <DSCPTableEntry ID="DiffservRCMed">
      <Name>Diffserv RC Med (Assured Forwarding DSCP 16)</Name>
      <Description>Diffserv RC Med (Assured Forwarding DSCP 16)</Description>
      <DSCPValue>0b010000</DSCPValue>
    </DSCPTableEntry>
    <DSCPTableEntry ID="DiffservRCHigh">
      <Name>Diffserv RC High (Assured Forwarding DSCP 24)</Name>
      <Description>Diffserv RC High (Assured Forwarding DSCP 24)</Description>
      <DSCPValue>0b011000</DSCPValue>
    </DSCPTableEntry>
    <DSCPTableEntry ID="DiffservVideo">
      <Name>Diffserv Video (Assured Forwarding DSCP 32)</Name>
      <Description>Diffserv Video (Assured Forwarding DSCP 32)</Description>
      <DSCPValue>0b100000</DSCPValue>
    </DSCPTableEntry>
    <DSCPTableEntry ID="DiffservVoice">
      <Name>Diffserv Voice (Expedited Forwarding DSCP 40)</Name>
      <Description>Diffserv Voice (Expedited Forwarding PHB)</Description>
      <DSCPValue>0b101000</DSCPValue>
    </DSCPTableEntry>
    <DSCPTableEntry ID="DiffservLMLow">
      <Name>Diffserv Link Manager Low (DSCP 48)</Name>
      <Description>Diffserv Link Manager Low (DSCP 48)</Description>
      <DSCPValue>0b110000</DSCPValue>
    </DSCPTableEntry>
    <DSCPTableEntry ID="DiffservLMHigh">
      <Name>Diffserv Link Manager High (DSCP 56)</Name>
      <Description>Diffserv Link Manager High (DSCP 56)</Description>
      <DSCPValue>0b111000</DSCPValue>
    </DSCPTableEntry>
  </DSCPTable>
</MDLRoot>
