<?xml version="1.0"?>
<MDLRoot xmlns:xsi="http://www.w3.org/2001/XMLSchema-instance" 
         xmlns="http://inetprogram.org/projects/MDL" 
         xsi:schemaLocation="http://inetprogram.org/projects/MDL MDL_v0_8_19.xsd">
  <DatabaseID>example ID string</DatabaseID>
  <Checksum>TBD checksum</Checksum>
  <ConfigurationVersion>-TBD-</ConfigurationVersion>

  <DirtyBit>false</DirtyBit>
  <Units>
    <DerivedUnit ID="GForceUnits">
      <Name>G Force</Name>
      <Description>TBD description</Description>
      <Symbol>G</Symbol>
      <UnitsNumerator>
        <NumericalConstant>9.80665</NumericalConstant>
        <SIUnits>MeterPerSecondSquared</SIUnits>
      </UnitsNumerator>
    </DerivedUnit>
  </Units>

  <NetworkDomains>
    <Network ID="TANetwork">
      <Name>SDD CONOP TA Network</Name>
      <Description>TA Network for the SDD CONOP</Description>
      <NetworkType>TestArticleNetwork</NetworkType>

      <Network ID="TARedNetwork">
        <Name>SDD CONOP TA Red Network</Name>
        <Description>TA Red-Side Network for the SDD CONOP</Description>
        <NetworkType>TestArticleNetwork</NetworkType>


        <NetworkNode ID="AnalogDau1">
          <Name>AnalogDau1</Name>
          <Description>TBD description</Description>
          <InventoryID>Analog-Dau-000100</InventoryID>
          <HostName>TBD hostname</HostName>
          <Manufacturer>TBD Vendor Co</Manufacturer>
          <Model>TBD WhizzBang</Model>
          <ModelVersion>1.0</ModelVersion>
          <SerialIdentifier>4567-8912-RA</SerialIdentifier>
          <IEEE1588Version>2008e2e</IEEE1588Version>
          <TmNSManageableApps>
            <TmNSManageableApp ID="AnalogDAU1App">
              <Name>TBD name</Name>
              <Description>TBD description</Description>
              <RoleID>AnalogDau1</RoleID>
              <LoggingLevels>
                <Trace>true</Trace>
                <Debug>false</Debug>
                <Info>true</Info>
                <Warning>false</Warning>
                <Error>false</Error>
                <Critical>false</Critical>
              </LoggingLevels>
              <Manufacturer>TBD Vendor Co</Manufacturer>
              <Product>TBD App</Product>
              <ProductVersion>1.0</ProductVersion>
              <ConfigurationVersion>-TBD-</ConfigurationVersion>
              <TmNSStandardsVersion>TBD version</TmNSStandardsVersion>
              <DirtyBit>false</DirtyBit>
              <LaunchCommand>unused</LaunchCommand>
              <TmNSDAU>
              </TmNSDAU>
            </TmNSManageableApp>
          </TmNSManageableApps>
          <InternalStructure>
            <Module ID="Module2">
              <Name>TBD Module Name</Name>
              <Description>TBD Module Description</Description>
              <Manufacturer>TBD Vendor Co</Manufacturer>
              <Model>TBD Model Number</Model>
              <SerialIdentifier>12345-988775</SerialIdentifier>
              <InventoryID>InvID-192837</InventoryID>
              <Position>1</Position>
              <PositionsOccupied>1</PositionsOccupied>
              <NetworkInterface ID="AnalogDau1IFace">
                <Name>Eth0</Name>
                <DHCPEnable>false</DHCPEnable>
                <MACAddress>00:00:00:00:00:00</MACAddress>
                <PhysicalNetworkPort ID="AnalogDau1PhyNetPort">
                  <Name>AnalogDau1PhyNetPort</Name>
                  <Description>TBD description</Description>
                  <Medium>Copper</Medium>
                  <PortNumber>1</PortNumber>
                  <PortDataRate>
                    <FloatValue>1e6</FloatValue>
                    <SIUnits>BitPerSecond</SIUnits>
                  </PortDataRate>
                </PhysicalNetworkPort>
              </NetworkInterface>
              <Connector>
                <Name>Analog Connector</Name>
                <Description>TBD description</Description>
                <Pin ID="Pin1ID" Index="1">
                  <Name>TBD name</Name>
                  <Description>This is the first analog input pin on the card</Description>
                  <Designator>A</Designator>
                </Pin>
                <Pin ID="Pin2ID" Index="2">
                  <Name>TBD name</Name>
                  <Description>This is the second analog input pin on the card</Description>
                  <Designator>B</Designator>
                </Pin>
              </Connector>
              <Connector>
                <Name>TBD name</Name>
                <Description>TBD description</Description>
                <Pin ID="AnalogDau1Pin1" Index="1">
                  <Name>TBD name</Name>
                  <Description>TBD description</Description>
                  <Designator>A</Designator>
                </Pin>
                <Pin ID="AnalogDau1Pin2" Index="2">
                  <Name>TBD name</Name>
                  <Description>TBD description</Description>
                  <Designator>B</Designator>
                </Pin>
                <Pin ID="AnalogDau1Pin3" Index="3">
                  <Name>TBD name</Name>
                  <Description>TBD description</Description>
                  <Designator>C</Designator>
                </Pin>
                <Pin ID="AnalogDau1Pin4" Index="4">
                  <Name>TBD name</Name>
                  <Description>TBD description</Description>
                  <Designator>D</Designator>
                </Pin>
                <Pin ID="AnalogDau1Pin5" Index="5">
                  <Name>TBD name</Name>
                  <Description>TBD description</Description>
                  <Designator>E</Designator>
                </Pin>
                <Pin ID="AnalogDau1Pin6" Index="6">
                  <Name>TBD name</Name>
                  <Description>TBD description</Description>
                  <Designator>F</Designator>
                </Pin>
                <Pin ID="AnalogDau1Pin7" Index="7">
                  <Name>TBD name</Name>
                  <Description>TBD description</Description>
                  <Designator>G</Designator>
                </Pin>
                <Pin ID="AnalogDau1Pin8" Index="8">
                  <Name>TBD name</Name>
                  <Description>TBD description</Description>
                  <Designator>H</Designator>
                </Pin>
                <Pin ID="AnalogDau1Pin9" Index="9">
                  <Name>TBD name</Name>
                  <Description>TBD description</Description>
                  <Designator>I</Designator>
                </Pin>
                <Pin ID="AnalogDau1Pin10" Index="10">
                  <Name>TBD name</Name>
                  <Description>TBD description</Description>
                  <Designator>J</Designator>
                </Pin>
                <Pin ID="AnalogDau1Pin11" Index="11">
                  <Name>TBD name</Name>
                  <Description>TBD description</Description>
                  <Designator>K</Designator>
                </Pin>
                <Pin ID="AnalogDau1Pin12" Index="12">
                  <Name>TBD name</Name>
                  <Description>TBD description</Description>
                  <Designator>L</Designator>
                </Pin>
                <Pin ID="AnalogDau1Pin13" Index="13">
                  <Name>TBD name</Name>
                  <Description>TBD description</Description>
                  <Designator>M</Designator>
                </Pin>
                <Pin ID="AnalogDau1Pin14" Index="14">
                  <Name>TBD name</Name>
                  <Description>TBD description</Description>
                  <Designator>N</Designator>
                </Pin>
                <Pin ID="AnalogDau1Pin15" Index="15">
                  <Name>TBD name</Name>
                  <Description>TBD description</Description>
                  <Designator>O</Designator>
                </Pin>
                <Pin ID="AnalogDau1Pin16" Index="16">
                  <Name>TBD name</Name>
                  <Description>TBD description</Description>
                  <Designator>P</Designator>
                </Pin>
              </Connector>
              <Ports>
                <Port ID="Dau1Pin1InputPort" Index="3">
                  <Name>TBD name</Name>
                  <Description>TBD description</Description>
                  <PortDirection>Input</PortDirection>
                  <PinRef IDREF="Pin1ID"/>
                </Port>
                <Port ID="AnalogDau1NetworkPort" Index="1">
                  <Name>AnalogDau1Port</Name>
                  <Description>TBD description</Description>
                  <PortDirection>Bidirectional</PortDirection>
                  <PhysicalNetworkPortRef IDREF="AnalogDau1PhyNetPort"/>
                </Port>
                <Port ID="AnalogDau1Port1" Index="2">
                  <Name>TBD name</Name>
                  <Description>TBD description</Description>
                  <PortDirection>Input</PortDirection>
                  <PinRef IDREF="AnalogDau1Pin1"/>
                </Port>
              </Ports>
            </Module>
          </InternalStructure>
        </NetworkNode>


        <NetworkNode ID="MS1553BusDau1">
          <Name>MS1553BusDau1</Name>
          <Description>TBD description</Description>
          <InventoryID>MS1553Bus-Dau-000100</InventoryID>
          <HostName>TBD hostname</HostName>
          <Manufacturer>TBD Vendor Co</Manufacturer>
          <Model>TBD WhizzBang</Model>
          <ModelVersion>1.0</ModelVersion>
          <SerialIdentifier>4567-8912-RA</SerialIdentifier>
          <IEEE1588Version>2008e2e</IEEE1588Version>
          <TmNSManageableApps>
            <TmNSManageableApp ID="MS1553BusDAU1App">
              <Name>TBD name</Name>
              <Description>TBD description</Description>
              <RoleID>MS1553BusDau1</RoleID>
              <LoggingLevels>
                <Trace>true</Trace>
                <Debug>false</Debug>
                <Info>true</Info>
                <Warning>false</Warning>
                <Error>false</Error>
                <Critical>false</Critical>
              </LoggingLevels>
              <Manufacturer>TBD Vendor Co</Manufacturer>
              <Product>TBD App</Product>
              <ProductVersion>1.0</ProductVersion>
              <ConfigurationVersion>-TBD-</ConfigurationVersion>
              <TmNSStandardsVersion>TBD version</TmNSStandardsVersion>
              <DirtyBit>false</DirtyBit>
              <LaunchCommand>unused</LaunchCommand>
            <TmNSDAU>
            </TmNSDAU>
            </TmNSManageableApp>
          </TmNSManageableApps>
          <InternalStructure>
            <Module ID="Module1">
              <Name>TBD Module Name</Name>
              <Description>TBD Module Description</Description>
              <Manufacturer>TBD Vendor Co</Manufacturer>
              <Model>TBD Model Number</Model>
              <SerialIdentifier>12345-988775</SerialIdentifier>
              <InventoryID>InvID-192837</InventoryID>
              <Position>1</Position>
              <PositionsOccupied>1</PositionsOccupied>
              <NetworkInterface ID="MS1553BusDau1IFace">
                <Name>Eth0</Name>
                <DHCPEnable>false</DHCPEnable>
                <MACAddress>00:00:00:00:00:00</MACAddress>
                <PhysicalNetworkPort ID="MS1553BusDau1PhyNetPort">
                  <Name>MS1553BusDau1PhyNetPort</Name>
                  <Description>TBD description</Description>
                  <Medium>Copper</Medium>
                  <PortNumber>1</PortNumber>
                  <PortDataRate>
                    <FloatValue>1e6</FloatValue>
                    <SIUnits>BitPerSecond</SIUnits>
                  </PortDataRate>
                </PhysicalNetworkPort>
              </NetworkInterface>
              <Connector>
                <Name>Analog Connector</Name>
                <Description>TBD description</Description>
                <Pin ID="Dau2Pin1ID" Index="1">
                  <Name>TBD name</Name>
                  <Description>This is the first analog input pin on the card</Description>
                  <Designator>A</Designator>
                </Pin>
                <Pin ID="Dau2Pin2ID" Index="2">
                  <Name>TBD name</Name>
                  <Description>This is the second analog input pin on the card</Description>
                  <Designator>B</Designator>
                </Pin>
              </Connector>
              <Connector>
                <Name>TBD name</Name>
                <Description>TBD description</Description>
                <Pin ID="MS1553BusDau1Pin1" Index="1">
                  <Name>TBD name</Name>
                  <Description>TBD description</Description>
                  <Designator>1</Designator>
                </Pin>
              </Connector>
              <Ports>
                <Port ID="Dau2Pin1InputPort" Index="3">
                  <Name>TBD name</Name>
                  <Description>TBD description</Description>
                  <PortDirection>Input</PortDirection>
                  <PinRef IDREF="Dau2Pin1ID"/>
                </Port>
                <Port ID="MS1553BusDau1NetworkPort" Index="1">
                  <Name>MS1553BusDau1Port</Name>
                  <Description>TBD description</Description>
                  <PortDirection>Bidirectional</PortDirection>
                  <PhysicalNetworkPortRef IDREF="MS1553BusDau1PhyNetPort"/>
                </Port>
                <Port ID="MS1553BusDau1Port1" Index="2">
                  <Name>TBD name</Name>
                  <Description>TBD description</Description>
                  <PortDirection>Input</PortDirection>
                  <PinRef IDREF="MS1553BusDau1Pin1"/>
                </Port>
              </Ports>
            </Module>
          </InternalStructure>
        </NetworkNode>


        <NetworkNode ID="TARecorder1">
          <Name>TARecorder1</Name>
          <Description>TBD description</Description>
          <InventoryID>TARecorder1</InventoryID>
          <HostName>TBD hostname</HostName>
          <Manufacturer>TBD Vendor Co</Manufacturer>
          <Model>TBD WhizzBang</Model>
          <ModelVersion>1.0</ModelVersion>
          <SerialIdentifier>4567-8912-RA</SerialIdentifier>
          <IEEE1588Version>2008e2e</IEEE1588Version>
          <TmNSManageableApps>
            <TmNSManageableApp ID="TARecorder1App">
              <Name>TBD name</Name>
              <Description>TBD description</Description>
              <RoleID>TARecorder1</RoleID>
              <LoggingLevels>
                <Trace>true</Trace>
                <Debug>false</Debug>
                <Info>true</Info>
                <Warning>false</Warning>
                <Error>false</Error>
                <Critical>false</Critical>
              </LoggingLevels>
              <Manufacturer>TBD Vendor Co</Manufacturer>
              <Product>TBD App</Product>
              <ProductVersion>1.0</ProductVersion>
              <ConfigurationVersion>-TBD-</ConfigurationVersion>
              <TmNSStandardsVersion>TBD version</TmNSStandardsVersion>
              <DirtyBit>false</DirtyBit>
              <LaunchCommand>unused</LaunchCommand>
              <TmNSRecorder/>
            </TmNSManageableApp>
          </TmNSManageableApps>
          <InternalStructure>
            <Module ID="TARecorder1Module">
              <Name>TBD Module</Name>
              <Description>TBD description</Description>
              <Manufacturer>TBD Vendor Co</Manufacturer>
              <Model>TBD </Model>
              <SerialIdentifier>TBD</SerialIdentifier>
              <InventoryID>TBD</InventoryID>
              <Position>1</Position>
              <PositionsOccupied>1</PositionsOccupied>
              <RunningApps>
                <ManageableAppRef IDREF="TARecorder1App"/>
              </RunningApps>
              <NetworkInterface ID="TARecorder1IFace">
                <Name>eth0</Name>
                <DHCPEnable>false</DHCPEnable>
                <MACAddress>00:00:00:00:00:00</MACAddress>
                <PhysicalNetworkPort ID="TARecorder1PhyNetPort">
                  <Name>TARecorder1PhyNetPort1</Name>
                  <Description>TBD description</Description>
                  <Medium>Copper</Medium>
                  <PortNumber>1</PortNumber>
                  <PortDataRate>
                    <FloatValue>1e6</FloatValue>
                    <SIUnits>BitPerSecond</SIUnits>
                  </PortDataRate>
                </PhysicalNetworkPort>
              </NetworkInterface>
              <Ports>
                <Port ID="TARecorder1Port" Index="1">
                  <Name>TARecorder1Port</Name>
                  <Description>TBD description</Description>
                  <PortDirection>Bidirectional</PortDirection>
                  <PhysicalNetworkPortRef IDREF="TARecorder1PhyNetPort"/>
                </Port>
              </Ports>
            </Module>
          </InternalStructure>
        </NetworkNode>

        <NetworkNode ID="MFD">
          <Name>Multi-Function Display</Name>
          <Description>TBD description</Description>
          <InventoryID>MFD</InventoryID>
          <HostName>TBD hostname</HostName>
          <Manufacturer>TBD Vendor Co</Manufacturer>
          <Model>TBD WhizzBang</Model>
          <ModelVersion>1.0</ModelVersion>
          <SerialIdentifier>4567-8912-RA</SerialIdentifier>
          <IEEE1588Version>2008e2e</IEEE1588Version>
          <TmNSManageableApps>
            <TmNSManageableApp ID="MFDApp">
              <Name>TBD name</Name>
              <Description>TBD description</Description>
              <RoleID>MFD</RoleID>
              <LoggingLevels>
                <Trace>true</Trace>
                <Debug>false</Debug>
                <Info>true</Info>
                <Warning>false</Warning>
                <Error>false</Error>
                <Critical>false</Critical>
              </LoggingLevels>
              <Manufacturer>TBD Vendor Co</Manufacturer>
              <Product>TBD App</Product>
              <ProductVersion>1.0</ProductVersion>
              <ConfigurationVersion>-TBD-</ConfigurationVersion>
              <TmNSStandardsVersion>TBD version</TmNSStandardsVersion>
              <DirtyBit>false</DirtyBit>
              <LaunchCommand>unused</LaunchCommand>
              <TmNSNetworkFabricDevice>
                <MulticastRoutingMode>Dynamic</MulticastRoutingMode>
                <IGMPQuerier>Off</IGMPQuerier>
                <IGMPQuerierInterval>0</IGMPQuerierInterval>
              </TmNSNetworkFabricDevice>
              <TmNSLTCDataSink/>
            </TmNSManageableApp>
          </TmNSManageableApps>
          <InternalStructure>
            <Module ID="MFDModule">
              <Name>TBD Module</Name>
              <Description>TBD description</Description>
              <Manufacturer>TBD Vendor Co</Manufacturer>
              <Model>TBD </Model>
              <SerialIdentifier>TBD</SerialIdentifier>
              <InventoryID>TBD</InventoryID>
              <Position>1</Position>
              <PositionsOccupied>1</PositionsOccupied>
              <RunningApps>
                <ManageableAppRef IDREF="MFDApp"/>
              </RunningApps>
              <NetworkInterface ID="MFDIFace">
                <Name>eth0</Name>
                <DHCPEnable>false</DHCPEnable>
                <MACAddress>00:00:00:00:00:00</MACAddress>
                <PhysicalNetworkPort ID="MFDPhyNetPort">
                  <Name>MFDPhyNetPort1</Name>
                  <Description>TBD description</Description>
                  <Medium>Copper</Medium>
                  <PortNumber>1</PortNumber>
                  <PortDataRate>
                    <FloatValue>1e6</FloatValue>
                    <SIUnits>BitPerSecond</SIUnits>
                  </PortDataRate>
                </PhysicalNetworkPort>
              </NetworkInterface>
              <Ports>
                <Port ID="MFDPort" Index="1">
                  <Name>MFDPort</Name>
                  <Description>TBD description</Description>
                  <PortDirection>Bidirectional</PortDirection>
                  <PhysicalNetworkPortRef IDREF="MFDPhyNetPort"/>
                </Port>
              </Ports>
            </Module>
          </InternalStructure>
        </NetworkNode>


        <NetworkNode ID="OnboardTAManagerRed">
          <Name>OnboardTAManagerRed</Name>
          <Description>TBD description</Description>
          <InventoryID>Manager-Computer-0003</InventoryID>
          <HostName>TBD hostname</HostName>
          <Manufacturer>TBD Vendor Co</Manufacturer>
          <Model>TBD WhizzBang</Model>
          <ModelVersion>1.0</ModelVersion>
          <SerialIdentifier>4567-8912-RA</SerialIdentifier>
          <IEEE1588Version>2008e2e</IEEE1588Version>
          <TmNSManageableApps>
            <TmNSManageableApp ID="OnboardTAManagerRedApp">
              <Name>TBD name</Name>
              <Description>TBD description</Description>
              <RoleID>OnboardTAManagerRed</RoleID>
              <LoggingLevels>
                <Trace>true</Trace>
                <Debug>false</Debug>
                <Info>true</Info>
                <Warning>false</Warning>
                <Error>false</Error>
                <Critical>false</Critical>
              </LoggingLevels>
              <Manufacturer>TBD Vendor Co</Manufacturer>
              <Product>TBD App</Product>
              <ProductVersion>1.0</ProductVersion>
              <ConfigurationVersion>-TBD-</ConfigurationVersion>
              <TmNSStandardsVersion>TBD version</TmNSStandardsVersion>
              <DirtyBit>false</DirtyBit>
              <LaunchCommand>unused</LaunchCommand>
              <TmNSConsolidatedManager>
              </TmNSConsolidatedManager>
            </TmNSManageableApp>
          </TmNSManageableApps>
          <InternalStructure>
            <Module ID="OnboardTAManagerRedModule">
              <Name>TBD Module</Name>
              <Description>TBD description</Description>
              <Manufacturer>TBD Vendor Co</Manufacturer>
              <Model>TBD </Model>
              <SerialIdentifier>TBD</SerialIdentifier>
              <InventoryID>TBD</InventoryID>
              <Position>1</Position>
              <PositionsOccupied>1</PositionsOccupied>
              <RunningApps>
                <ManageableAppRef IDREF="OnboardTAManagerRedApp"/>
              </RunningApps>
              <NetworkInterface ID="OnboardTAManagerRedIFace">
                <Name>eth0</Name>
                <DHCPEnable>false</DHCPEnable>
                <MACAddress>00:00:00:00:00:00</MACAddress>
                <PhysicalNetworkPort ID="OnboardTAManagerRedPhyNetPort">
                  <Name>OnboardTAManagerRedPhyNetPort1</Name>
                  <Description>TBD description</Description>
                  <Medium>Copper</Medium>
                  <PortNumber>1</PortNumber>
                  <PortDataRate>
                    <FloatValue>1e6</FloatValue>
                    <SIUnits>BitPerSecond</SIUnits>
                  </PortDataRate>
                </PhysicalNetworkPort>
              </NetworkInterface>
              <Ports>
                <Port ID="OnboardTAManagerRedNetworkPort" Index="1">
                  <Name>Onboard TA Manager Black Network Port</Name>
                  <Description>TBD description</Description>
                  <PortDirection>Bidirectional</PortDirection>
                  <PhysicalNetworkPortRef IDREF="OnboardTAManagerRedPhyNetPort"/>
                </Port>
              </Ports>
            </Module>
          </InternalStructure>
        </NetworkNode>


        <NetworkNode ID="TAVoiceGateway">
          <Name>TA Voice Gateway</Name>
          <Description>TBD description</Description>
          <InventoryID>TA-Voice-Gate-DAU-00011</InventoryID>
          <HostName>TBD hostname</HostName>
          <Manufacturer>TBD Vendor Co</Manufacturer>
          <Model>TBD WhizzBang</Model>
          <ModelVersion>1.0</ModelVersion>
          <SerialIdentifier>4567-8912-RA</SerialIdentifier>
          <IEEE1588Version>2008e2e</IEEE1588Version>
          <TmNSManageableApps>
            <TmNSManageableApp ID="TAVoiceGatewayApp">
              <Name>TBD name</Name>
              <Description>TBD description</Description>
              <RoleID>TA-Voice-Gate-DAU-001</RoleID>
              <LoggingLevels>
                <Trace>true</Trace>
                <Debug>false</Debug>
                <Info>true</Info>
                <Warning>false</Warning>
                <Error>false</Error>
                <Critical>false</Critical>
              </LoggingLevels>
              <Manufacturer>TBD Vendor Co</Manufacturer>
              <Product>TBD App</Product>
              <ProductVersion>1.0</ProductVersion>
              <ConfigurationVersion>0.0.1</ConfigurationVersion>
              <TmNSStandardsVersion>TBD version</TmNSStandardsVersion>
              <DirtyBit>false</DirtyBit>
              <LaunchCommand>unused</LaunchCommand>
              <TmNSNetworkFabricDevice>
                <MulticastRoutingMode>Dynamic</MulticastRoutingMode>
                <IGMPQuerier>Off</IGMPQuerier>
                <IGMPQuerierInterval>0</IGMPQuerierInterval>
              </TmNSNetworkFabricDevice>
              <TmNSVoiceGateway>
                <CodecPriorities>
                  <CodecPriority Index="1">G.711</CodecPriority>
                  <CodecPriority Index="2">G.726</CodecPriority>
                  <CodecPriority Index="3">G.729a</CodecPriority>
                </CodecPriorities>
              </TmNSVoiceGateway>
            </TmNSManageableApp>
          </TmNSManageableApps>
          <InternalStructure>
            <Module ID="TAVoiceGatewayModule">
              <Name>TBD Module</Name>
              <Description>TBD description</Description>
              <Manufacturer>TBD Vendor Co</Manufacturer>
              <Model>TBD </Model>
              <SerialIdentifier>TBD</SerialIdentifier>
              <InventoryID>TBD</InventoryID>
              <Position>1</Position>
              <PositionsOccupied>1</PositionsOccupied>
              <RunningApps>
                <ManageableAppRef IDREF="TAVoiceGatewayApp"/>
              </RunningApps>
              <NetworkInterface ID="TAVoiceGatewayIFace">
                <Name>TAVoiceGatewayIFace</Name>
                <DHCPEnable>false</DHCPEnable>
                <MACAddress>00:00:00:00:00:00</MACAddress>
                <PhysicalNetworkPort ID="TAVoiceGatewayPhyNetPort">
                  <Name>Network Gateway Phy Net Port</Name>
                  <Description>TBD description</Description>
                  <Medium>Copper</Medium>
                  <PortNumber>1</PortNumber>
                  <PortDataRate>
                    <FloatValue>1e6</FloatValue>
                    <SIUnits>BitPerSecond</SIUnits>
                  </PortDataRate>
                </PhysicalNetworkPort>
              </NetworkInterface>
              <Connector>
                <Name>TBD name</Name>
                <Description>TBD description</Description>
                <Pin ID="TAVoiceGatewayInputPortPin1" Index="1">
                  <Name>TBD name</Name>
                  <Description>TBD description</Description>
                  <Designator>1</Designator>
                </Pin>
              </Connector>
              <Ports>
                <Port ID="TAVoiceGatewayPort" Index="1">
                  <Name>TAVoiceGatewayPort</Name>
                  <Description>TBD description</Description>
                  <PortDirection>Bidirectional</PortDirection>
                  <PhysicalNetworkPortRef IDREF="TAVoiceGatewayPhyNetPort"/>
                </Port>
                <Port ID="TAVoiceGatewayInputPort" Index="2">
                  <Name>Voice Input Port</Name>
                  <Description>TBD description</Description>
                  <PortDirection>Input</PortDirection>
                  <PinRef IDREF="TAVoiceGatewayInputPortPin1"/>
                </Port>
              </Ports>
            </Module>
          </InternalStructure>
        </NetworkNode>


        <NetworkNode ID="NetworkGateway">
          <Name>Network Gateway</Name>
          <Description>TBD description</Description>
          <InventoryID>Network-Gate-DAU-00011</InventoryID>
          <HostName>TBD hostname</HostName>
          <Manufacturer>TBD Vendor Co</Manufacturer>
          <Model>TBD WhizzBang</Model>
          <ModelVersion>1.0</ModelVersion>
          <SerialIdentifier>4567-8912-RA</SerialIdentifier>
          <IEEE1588Version>2008e2e</IEEE1588Version>
          <TmNSManageableApps>
            <TmNSManageableApp ID="NetworkGatewayApp">
              <Name>TBD name</Name>
              <Description>TBD description</Description>
              <RoleID>Network-Gate-DAU-001</RoleID>
              <LoggingLevels>
                <Trace>true</Trace>
                <Debug>false</Debug>
                <Info>true</Info>
                <Warning>false</Warning>
                <Error>false</Error>
                <Critical>false</Critical>
              </LoggingLevels>
              <Manufacturer>TBD Vendor Co</Manufacturer>
              <Product>TBD App</Product>
              <ProductVersion>1.0</ProductVersion>
              <ConfigurationVersion>0.0.1</ConfigurationVersion>
              <TmNSStandardsVersion>TBD version</TmNSStandardsVersion>
              <DirtyBit>false</DirtyBit>
              <LaunchCommand>unused</LaunchCommand>
              <TmNSLTCDataSink/>
            </TmNSManageableApp>
          </TmNSManageableApps>
          <InternalStructure>
            <Module ID="NetworkGatewayModule">
              <Name>TBD Module</Name>
              <Description>TBD description</Description>
              <Manufacturer>TBD Vendor Co</Manufacturer>
              <Model>TBD </Model>
              <SerialIdentifier>TBD</SerialIdentifier>
              <InventoryID>TBD</InventoryID>
              <Position>1</Position>
              <PositionsOccupied>1</PositionsOccupied>
              <RunningApps>
                <ManageableAppRef IDREF="NetworkGatewayApp"/>
              </RunningApps>
              <NetworkInterface ID="NetworkGatewayIFace">
                <Name>NetworkGatewayIFace</Name>
                <DHCPEnable>false</DHCPEnable>
                <MACAddress>00:00:00:00:00:00</MACAddress>
                <PhysicalNetworkPort ID="NetworkGatewayPhyNetPort">
                  <Name>Network Gateway Phy Net Port</Name>
                  <Description>TBD description</Description>
                  <Medium>Copper</Medium>
                  <PortNumber>1</PortNumber>
                  <PortDataRate>
                    <FloatValue>1e6</FloatValue>
                    <SIUnits>BitPerSecond</SIUnits>
                  </PortDataRate>
                </PhysicalNetworkPort>
              </NetworkInterface>
              <Connector>
                <Name>TBD name</Name>
                <Description>TBD description</Description>
                <Pin ID="NetworkGatewayInputPortPin1" Index="1">
                  <Name>TBD name</Name>
                  <Description>TBD description</Description>
                  <Designator>1</Designator>
                </Pin>
              </Connector>
              <Ports>
                <Port ID="NetworkGatewayPort" Index="1">
                  <Name>NetworkGatewayPort</Name>
                  <Description>TBD description</Description>
                  <PortDirection>Bidirectional</PortDirection>
                  <PhysicalNetworkPortRef IDREF="NetworkGatewayPhyNetPort"/>
                </Port>
                <Port ID="NetworkGatewayInputPort" Index="2">
                  <Name>SST Output Port</Name>
                  <Description>TBD description</Description>
                  <PortDirection>Output</PortDirection>
                  <PinRef IDREF="NetworkGatewayInputPortPin1"/>
                </Port>
              </Ports>
            </Module>
          </InternalStructure>
        </NetworkNode>


        <NetworkNode ID="PCMGateway">
          <Name>PCM Gateway DAU</Name>
          <Description>TBD description</Description>
          <InventoryID>PCM-Gate-DAU-00011</InventoryID>
          <HostName>TBD hostname</HostName>
          <Manufacturer>TBD Vendor Co</Manufacturer>
          <Model>TBD WhizzBang</Model>
          <ModelVersion>1.0</ModelVersion>
          <SerialIdentifier>4567-8912-RA</SerialIdentifier>
          <IEEE1588Version>2008e2e</IEEE1588Version>
          <TmNSManageableApps>
            <TmNSManageableApp ID="PCMGatewayApp">
              <Name>TBD name</Name>
              <Description>TBD description</Description>
              <RoleID>PCM-Gate-DAU-001</RoleID>
              <LoggingLevels>
                <Trace>true</Trace>
                <Debug>false</Debug>
                <Info>true</Info>
                <Warning>false</Warning>
                <Error>false</Error>
                <Critical>false</Critical>
              </LoggingLevels>
              <Manufacturer>TBD Vendor Co</Manufacturer>
              <Product>TBD App</Product>
              <ProductVersion>1.0</ProductVersion>
              <ConfigurationVersion>0.0.1</ConfigurationVersion>
              <TmNSStandardsVersion>TBD version</TmNSStandardsVersion>
              <DirtyBit>false</DirtyBit>
              <LaunchCommand>unused</LaunchCommand>
              <TmNSLTCDataSource>
                <TTL>255</TTL>
              </TmNSLTCDataSource>
            </TmNSManageableApp>
          </TmNSManageableApps>
          <InternalStructure>
            <Module ID="PCMGatewayModule">
              <Name>TBD Module</Name>
              <Description>TBD description</Description>
              <Manufacturer>TBD Vendor Co</Manufacturer>
              <Model>TBD </Model>
              <SerialIdentifier>TBD</SerialIdentifier>
              <InventoryID>TBD</InventoryID>
              <Position>1</Position>
              <PositionsOccupied>1</PositionsOccupied>
              <RunningApps>
                <ManageableAppRef IDREF="PCMGatewayApp"/>
              </RunningApps>
              <NetworkInterface ID="PCMGatewayIFace">
                <Name>PCMGatewayIFace</Name>
                <DHCPEnable>false</DHCPEnable>
                <MACAddress>00:00:00:00:00:00</MACAddress>
                <PhysicalNetworkPort ID="PCMGatewayPhyNetPort">
                  <Name>PCM Gateway Phy Net Port</Name>
                  <Description>TBD description</Description>
                  <Medium>Copper</Medium>
                  <PortNumber>1</PortNumber>
                  <PortDataRate>
                    <FloatValue>1e6</FloatValue>
                    <SIUnits>BitPerSecond</SIUnits>
                  </PortDataRate>
                </PhysicalNetworkPort>
              </NetworkInterface>
              <Connector>
                <Name>TBD name</Name>
                <Description>TBD description</Description>
                <Pin ID="PCMGatewayInputPortPin1" Index="1">
                  <Name>TBD name</Name>
                  <Description>TBD description</Description>
                  <Designator>1</Designator>
                </Pin>
              </Connector>
              <Ports>
                <Port ID="PCMGatewayPort" Index="1">
                  <Name>PCMGatewayPort</Name>
                  <Description>TBD description</Description>
                  <PortDirection>Bidirectional</PortDirection>
                  <PhysicalNetworkPortRef IDREF="PCMGatewayPhyNetPort"/>
                </Port>
                <Port ID="PCMGatewayInputPort" Index="2">
                  <Name>SST Input Port</Name>
                  <Description>TBD description</Description>
                  <PortDirection>Input</PortDirection>
                  <PinRef IDREF="PCMGatewayInputPortPin1"/>
                </Port>
              </Ports>
            </Module>
          </InternalStructure>
        </NetworkNode>


        <NetworkNode ID="RedSwitch1">
          <Name>Red Switch 1</Name>
          <Description>TBD description</Description>
          <InventoryID>8-Port-Switch-ID-000010</InventoryID>
          <HostName>TBD hostname</HostName>
          <Manufacturer>TBD Vendor Co</Manufacturer>
          <Model>TBD WhizzBang</Model>
          <ModelVersion>1.0</ModelVersion>
          <SerialIdentifier>4567-8912-RA</SerialIdentifier>
          <IEEE1588Version>2008e2e</IEEE1588Version>
          <TmNSManageableApps>
            <TmNSManageableApp ID="RedSwitch1App">
              <Name>TBD name</Name>
              <Description>TBD description</Description>
              <RoleID>RedSwitch1</RoleID>
              <LoggingLevels>
                <Trace>true</Trace>
                <Debug>false</Debug>
                <Info>true</Info>
                <Warning>false</Warning>
                <Error>false</Error>
                <Critical>false</Critical>
              </LoggingLevels>
              <Manufacturer>TBD Vendor Co</Manufacturer>
              <Product>TBD App</Product>
              <ProductVersion>1.0</ProductVersion>
              <ConfigurationVersion>-TBD-</ConfigurationVersion>
              <TmNSStandardsVersion>TBD version</TmNSStandardsVersion>
              <DirtyBit>false</DirtyBit>
              <LaunchCommand>unused</LaunchCommand>
              <TmNSNetworkFabricDevice>
                <MulticastRoutingMode>Dynamic</MulticastRoutingMode>
                <IGMPQuerier>Off</IGMPQuerier>
                <IGMPQuerierInterval>0</IGMPQuerierInterval>
              </TmNSNetworkFabricDevice>
            </TmNSManageableApp>
          </TmNSManageableApps>
          <InternalStructure>
            <Module ID="RedSwitch1Module">
              <Name>TBD Module</Name>
              <Description>TBD description</Description>
              <Manufacturer>TBD Vendor Co</Manufacturer>
              <Model>TBD </Model>
              <SerialIdentifier>TBD</SerialIdentifier>
              <InventoryID>TBD</InventoryID>
              <Position>1</Position>
              <PositionsOccupied>1</PositionsOccupied>
              <RunningApps>
                <ManageableAppRef IDREF="RedSwitch1App"/>
              </RunningApps>
              <NetworkInterface ID="RedSwitch1IFace">
                <Name>eth0</Name>
                <DHCPEnable>false</DHCPEnable>
                <MACAddress>00:00:00:00:00:00</MACAddress>
                <PhysicalNetworkPort ID="RedSwitch1PhyNetPort1">
                  <Name>RedSwitch1PhyNetPort1</Name>
                  <Description>TBD description</Description>
                  <Medium>Copper</Medium>
                  <PortNumber>1</PortNumber>
                  <PortDataRate>
                    <FloatValue>1e6</FloatValue>
                    <SIUnits>BitPerSecond</SIUnits>
                  </PortDataRate>
                </PhysicalNetworkPort>
                <PhysicalNetworkPort ID="RedSwitch1PhyNetPort2">
                  <Name>RedSwitch1PhyNetPort2</Name>
                  <Description>TBD description</Description>
                  <Medium>Copper</Medium>
                  <PortNumber>2</PortNumber>
                  <PortDataRate>
                    <FloatValue>1e6</FloatValue>
                    <SIUnits>BitPerSecond</SIUnits>
                  </PortDataRate>
                </PhysicalNetworkPort>
                <PhysicalNetworkPort ID="RedSwitch1PhyNetPort3">
                  <Name>RedSwitch1PhyNetPort3</Name>
                  <Description>TBD description</Description>
                  <Medium>Copper</Medium>
                  <PortNumber>3</PortNumber>
                  <PortDataRate>
                    <FloatValue>1e6</FloatValue>
                    <SIUnits>BitPerSecond</SIUnits>
                  </PortDataRate>
                </PhysicalNetworkPort>
                <PhysicalNetworkPort ID="RedSwitch1PhyNetPort4">
                  <Name>RedSwitch1PhyNetPort4</Name>
                  <Description>TBD description</Description>
                  <Medium>Copper</Medium>
                  <PortNumber>4</PortNumber>
                  <PortDataRate>
                    <FloatValue>1e6</FloatValue>
                    <SIUnits>BitPerSecond</SIUnits>
                  </PortDataRate>
                </PhysicalNetworkPort>
                <PhysicalNetworkPort ID="RedSwitch1PhyNetPort5">
                  <Name>RedSwitch1PhyNetPort5</Name>
                  <Description>TBD description</Description>
                  <Medium>Copper</Medium>
                  <PortNumber>5</PortNumber>
                  <PortDataRate>
                    <FloatValue>1e6</FloatValue>
                    <SIUnits>BitPerSecond</SIUnits>
                  </PortDataRate>
                </PhysicalNetworkPort>
                <PhysicalNetworkPort ID="RedSwitch1PhyNetPort6">
                  <Name>RedSwitch1PhyNetPort6</Name>
                  <Description>TBD description</Description>
                  <Medium>Copper</Medium>
                  <PortNumber>6</PortNumber>
                  <PortDataRate>
                    <FloatValue>1e6</FloatValue>
                    <SIUnits>BitPerSecond</SIUnits>
                  </PortDataRate>
                </PhysicalNetworkPort>
                <PhysicalNetworkPort ID="RedSwitch1PhyNetPort7">
                  <Name>RedSwitch1PhyNetPort7</Name>
                  <Description>TBD description</Description>
                  <Medium>Copper</Medium>
                  <PortNumber>7</PortNumber>
                  <PortDataRate>
                    <FloatValue>1e6</FloatValue>
                    <SIUnits>BitPerSecond</SIUnits>
                  </PortDataRate>
                </PhysicalNetworkPort>
                <PhysicalNetworkPort ID="RedSwitch1PhyNetPort8">
                  <Name>RedSwitch1PhyNetPort8</Name>
                  <Description>TBD description</Description>
                  <Medium>Copper</Medium>
                  <PortNumber>8</PortNumber>
                  <PortDataRate>
                    <FloatValue>1e6</FloatValue>
                    <SIUnits>BitPerSecond</SIUnits>
                  </PortDataRate>
                </PhysicalNetworkPort>
              </NetworkInterface>
              <Ports>
                <Port ID="RedSwitch1Port1" Index="1">
                  <Name>Switch1Port1</Name>
                  <Description>TBD description</Description>
                  <PortDirection>Bidirectional</PortDirection>
                  <PhysicalNetworkPortRef IDREF="RedSwitch1PhyNetPort1"/>
                </Port>
                <Port ID="RedSwitch1Port2" Index="2">
                  <Name>Switch1Port2</Name>
                  <Description>TBD description</Description>
                  <PortDirection>Bidirectional</PortDirection>
                  <PhysicalNetworkPortRef IDREF="RedSwitch1PhyNetPort2"/>
                </Port>
                <Port ID="RedSwitch1Port3" Index="3">
                  <Name>Switch1Port3</Name>
                  <Description>TBD description</Description>
                  <PortDirection>Bidirectional</PortDirection>
                  <PhysicalNetworkPortRef IDREF="RedSwitch1PhyNetPort3"/>
                </Port>
                <Port ID="RedSwitch1Port4" Index="4">
                  <Name>Switch1Port4</Name>
                  <Description>TBD description</Description>
                  <PortDirection>Bidirectional</PortDirection>
                  <PhysicalNetworkPortRef IDREF="RedSwitch1PhyNetPort4"/>
                </Port>
                <Port ID="RedSwitch1Port5" Index="5">
                  <Name>Switch1Port5</Name>
                  <Description>TBD description</Description>
                  <PortDirection>Bidirectional</PortDirection>
                  <PhysicalNetworkPortRef IDREF="RedSwitch1PhyNetPort5"/>
                </Port>
                <Port ID="RedSwitch1Port6" Index="6">
                  <Name>Switch1Port6</Name>
                  <Description>TBD description</Description>
                  <PortDirection>Bidirectional</PortDirection>
                  <PhysicalNetworkPortRef IDREF="RedSwitch1PhyNetPort6"/>
                </Port>
                <Port ID="RedSwitch1Port7" Index="7">
                  <Name>Switch1Port7</Name>
                  <Description>TBD description</Description>
                  <PortDirection>Bidirectional</PortDirection>
                  <PhysicalNetworkPortRef IDREF="RedSwitch1PhyNetPort7"/>
                </Port>
                <Port ID="RedSwitch1Port8" Index="8">
                  <Name>Switch1Port8</Name>
                  <Description>TBD description</Description>
                  <PortDirection>Bidirectional</PortDirection>
                  <PhysicalNetworkPortRef IDREF="RedSwitch1PhyNetPort8"/>
                </Port>
              </Ports>
            </Module>
          </InternalStructure>
        </NetworkNode>

        <NetworkNode ID="RedSwitch2">
          <Name>Red Switch 2</Name>
          <Description>TBD description</Description>
          <InventoryID>8-Port-Switch-ID-000011</InventoryID>
          <HostName>TBD hostname</HostName>
          <Manufacturer>TBD Vendor Co</Manufacturer>
          <Model>TBD WhizzBang</Model>
          <ModelVersion>1.0</ModelVersion>
          <SerialIdentifier>4567-8912-RA</SerialIdentifier>
          <IEEE1588Version>2008e2e</IEEE1588Version>
          <TmNSManageableApps>
            <TmNSManageableApp ID="RedSwitch2App">
              <Name>TBD name</Name>
              <Description>TBD description</Description>
              <RoleID>RedSwitch2</RoleID>
              <LoggingLevels>
                <Trace>true</Trace>
                <Debug>false</Debug>
                <Info>true</Info>
                <Warning>false</Warning>
                <Error>false</Error>
                <Critical>false</Critical>
              </LoggingLevels>
              <Manufacturer>TBD Vendor Co</Manufacturer>
              <Product>TBD App</Product>
              <ProductVersion>1.0</ProductVersion>
              <ConfigurationVersion>-TBD-</ConfigurationVersion>
              <TmNSStandardsVersion>TBD version</TmNSStandardsVersion>
              <DirtyBit>false</DirtyBit>
              <LaunchCommand>unused</LaunchCommand>
              <TmNSNetworkFabricDevice>
                <MulticastRoutingMode>Dynamic</MulticastRoutingMode>
                <IGMPQuerier>Off</IGMPQuerier>
                <IGMPQuerierInterval>0</IGMPQuerierInterval>
              </TmNSNetworkFabricDevice>
            </TmNSManageableApp>
          </TmNSManageableApps>
          <InternalStructure>
            <Module ID="RedSwitch2Module">
              <Name>TBD Module</Name>
              <Description>TBD description</Description>
              <Manufacturer>TBD Vendor Co</Manufacturer>
              <Model>TBD </Model>
              <SerialIdentifier>TBD</SerialIdentifier>
              <InventoryID>TBD</InventoryID>
              <Position>1</Position>
              <PositionsOccupied>1</PositionsOccupied>
              <RunningApps>
                <ManageableAppRef IDREF="RedSwitch2App"/>
              </RunningApps>
              <NetworkInterface ID="RedSwitch2IFace">
                <Name>eth0</Name>
                <DHCPEnable>false</DHCPEnable>
                <MACAddress>00:00:00:00:00:00</MACAddress>
                <PhysicalNetworkPort ID="RedSwitch2PhyNetPort1">
                  <Name>RedSwitch2PhyNetPort1</Name>
                  <Description>TBD description</Description>
                  <Medium>Copper</Medium>
                  <PortNumber>1</PortNumber>
                  <PortDataRate>
                    <FloatValue>1e6</FloatValue>
                    <SIUnits>BitPerSecond</SIUnits>
                  </PortDataRate>
                </PhysicalNetworkPort>
                <PhysicalNetworkPort ID="RedSwitch2PhyNetPort2">
                  <Name>RedSwitch2PhyNetPort2</Name>
                  <Description>TBD description</Description>
                  <Medium>Copper</Medium>
                  <PortNumber>2</PortNumber>
                  <PortDataRate>
                    <FloatValue>1e6</FloatValue>
                    <SIUnits>BitPerSecond</SIUnits>
                  </PortDataRate>
                </PhysicalNetworkPort>
                <PhysicalNetworkPort ID="RedSwitch2PhyNetPort3">
                  <Name>RedSwitch2PhyNetPort3</Name>
                  <Description>TBD description</Description>
                  <Medium>Copper</Medium>
                  <PortNumber>3</PortNumber>
                  <PortDataRate>
                    <FloatValue>1e6</FloatValue>
                    <SIUnits>BitPerSecond</SIUnits>
                  </PortDataRate>
                </PhysicalNetworkPort>
                <PhysicalNetworkPort ID="RedSwitch2PhyNetPort4">
                  <Name>RedSwitch2PhyNetPort4</Name>
                  <Description>TBD description</Description>
                  <Medium>Copper</Medium>
                  <PortNumber>4</PortNumber>
                  <PortDataRate>
                    <FloatValue>1e6</FloatValue>
                    <SIUnits>BitPerSecond</SIUnits>
                  </PortDataRate>
                </PhysicalNetworkPort>
                <PhysicalNetworkPort ID="RedSwitch2PhyNetPort5">
                  <Name>RedSwitch2PhyNetPort5</Name>
                  <Description>TBD description</Description>
                  <Medium>Copper</Medium>
                  <PortNumber>5</PortNumber>
                  <PortDataRate>
                    <FloatValue>1e6</FloatValue>
                    <SIUnits>BitPerSecond</SIUnits>
                  </PortDataRate>
                </PhysicalNetworkPort>
                <PhysicalNetworkPort ID="RedSwitch2PhyNetPort6">
                  <Name>RedSwitch2PhyNetPort6</Name>
                  <Description>TBD description</Description>
                  <Medium>Copper</Medium>
                  <PortNumber>6</PortNumber>
                  <PortDataRate>
                    <FloatValue>1e6</FloatValue>
                    <SIUnits>BitPerSecond</SIUnits>
                  </PortDataRate>
                </PhysicalNetworkPort>
                <PhysicalNetworkPort ID="RedSwitch2PhyNetPort7">
                  <Name>RedSwitch2PhyNetPort7</Name>
                  <Description>TBD description</Description>
                  <Medium>Copper</Medium>
                  <PortNumber>7</PortNumber>
                  <PortDataRate>
                    <FloatValue>1e6</FloatValue>
                    <SIUnits>BitPerSecond</SIUnits>
                  </PortDataRate>
                </PhysicalNetworkPort>
                <PhysicalNetworkPort ID="RedSwitch2PhyNetPort8">
                  <Name>RedSwitch2PhyNetPort8</Name>
                  <Description>TBD description</Description>
                  <Medium>Copper</Medium>
                  <PortNumber>8</PortNumber>
                  <PortDataRate>
                    <FloatValue>1e6</FloatValue>
                    <SIUnits>BitPerSecond</SIUnits>
                  </PortDataRate>
                </PhysicalNetworkPort>
              </NetworkInterface>
              <Ports>
                <Port ID="RedSwitch2Port1" Index="1">
                  <Name>Switch2Port1</Name>
                  <Description>TBD description</Description>
                  <PortDirection>Bidirectional</PortDirection>
                  <PhysicalNetworkPortRef IDREF="RedSwitch2PhyNetPort1"/>
                </Port>
                <Port ID="RedSwitch2Port2" Index="2">
                  <Name>Switch2Port2</Name>
                  <Description>TBD description</Description>
                  <PortDirection>Bidirectional</PortDirection>
                  <PhysicalNetworkPortRef IDREF="RedSwitch2PhyNetPort2"/>
                </Port>
                <Port ID="RedSwitch2Port3" Index="3">
                  <Name>Switch2Port3</Name>
                  <Description>TBD description</Description>
                  <PortDirection>Bidirectional</PortDirection>
                  <PhysicalNetworkPortRef IDREF="RedSwitch2PhyNetPort3"/>
                </Port>
                <Port ID="RedSwitch2Port4" Index="4">
                  <Name>Switch2Port4</Name>
                  <Description>TBD description</Description>
                  <PortDirection>Bidirectional</PortDirection>
                  <PhysicalNetworkPortRef IDREF="RedSwitch2PhyNetPort4"/>
                </Port>
                <Port ID="RedSwitch2Port5" Index="5">
                  <Name>Switch2Port5</Name>
                  <Description>TBD description</Description>
                  <PortDirection>Bidirectional</PortDirection>
                  <PhysicalNetworkPortRef IDREF="RedSwitch2PhyNetPort5"/>
                </Port>
                <Port ID="RedSwitch2Port6" Index="6">
                  <Name>Switch2Port6</Name>
                  <Description>TBD description</Description>
                  <PortDirection>Bidirectional</PortDirection>
                  <PhysicalNetworkPortRef IDREF="RedSwitch2PhyNetPort6"/>
                </Port>
                <Port ID="RedSwitch2Port7" Index="7">
                  <Name>Switch2Port7</Name>
                  <Description>TBD description</Description>
                  <PortDirection>Bidirectional</PortDirection>
                  <PhysicalNetworkPortRef IDREF="RedSwitch2PhyNetPort7"/>
                </Port>
                <Port ID="RedSwitch2Port8" Index="8">
                  <Name>Switch2Port8</Name>
                  <Description>TBD description</Description>
                  <PortDirection>Bidirectional</PortDirection>
                  <PhysicalNetworkPortRef IDREF="RedSwitch2PhyNetPort8"/>
                </Port>
              </Ports>
            </Module>
          </InternalStructure>
        </NetworkNode>


      <Device ID="GearVibTransducer">
        <Name>Gear Vibration Accelerometer Transducer</Name>
        <Description>This operation represents the accelerometer transducer transfer function.</Description>
        <Manufacturer>Endevco</Manufacturer>
        <Model>752-500</Model>
        <SerialIdentifier>000125</SerialIdentifier>
        <InventoryID>03928-2934820-2934</InventoryID>
        <DeviceType>Accelerometer</DeviceType>
        <DeviceStructure>
          <DeviceModule ID="GearVibTransducerMod">
            <Name>Gear Vibration Accelerometer Transducer</Name>
            <Description>This operation represents the accelerometer transducer transfer function.</Description>
            <Manufacturer>Endevco</Manufacturer>
            <Model>752-500</Model>
            <SerialIdentifier>000125</SerialIdentifier>
            <InventoryID>03928-2934820-2934</InventoryID>
            <Position>0</Position>
            <PositionsOccupied>1</PositionsOccupied>
            <Excitation>
              <ConditionParameter>
                <ConditionOperation>==</ConditionOperation>
                <ConditionValueFloat>24</ConditionValueFloat>
                <SIUnits>Volt</SIUnits>
              </ConditionParameter>
            </Excitation>
            <Calibration>
              <CalibrationDate>2010-10-24</CalibrationDate>
              <CalibrationPair>
                <InputValue>
                  <FloatValue>-3</FloatValue>
                  <UnitsRef IDREF="GForceUnits"/>
                </InputValue>
                <OutputValue>
                  <FloatValue>-1.43</FloatValue>
                  <SIUnits>Volt</SIUnits>
                </OutputValue>
              </CalibrationPair>
              <CalibrationPair>
                <InputValue>
                  <FloatValue>3</FloatValue>
                  <UnitsRef IDREF="GForceUnits"/>
                </InputValue>
                <OutputValue>
                  <FloatValue>1.52</FloatValue>
                  <SIUnits>Volt</SIUnits>
                </OutputValue>
              </CalibrationPair>
            </Calibration>
            <Connector>
              <Name>Analog Connector</Name>
              <Description>TBD description</Description>
              <Pin ID="DevicePin1ID" Index="1">
                <Name>TBD name</Name>
                <Description>This is the (first) physical pin</Description>
                <Designator>1</Designator>
              </Pin>
            </Connector>
            <Ports>
              <Port ID="GearVibTransducerOutputPort" Index="1">
                <Name>TBD name</Name>
                <Description>TBD description</Description>
                <PortDirection>Output</PortDirection>
                <PinRef IDREF="DevicePin1ID"/>
              </Port>
            </Ports>
          </DeviceModule>
        </DeviceStructure>
      </Device>


      </Network>

      <Network ID="TABlackNetwork">
        <Name>SDD CONOP TA Black Network</Name>
        <Description>TA Black-Side Network for the SDD CONOP</Description>
        <NetworkType>TestArticleNetwork</NetworkType>

        <NetworkNode ID="OnboardTAManagerBlack">
          <Name>OnboardTAManagerBlack</Name>
          <Description>TBD description</Description>
          <InventoryID>Manager-Computer-0002</InventoryID>
          <HostName>TBD hostname</HostName>
          <Manufacturer>TBD Vendor Co</Manufacturer>
          <Model>TBD WhizzBang</Model>
          <ModelVersion>1.0</ModelVersion>
          <SerialIdentifier>4567-8912-RA</SerialIdentifier>
          <IEEE1588Version>2008e2e</IEEE1588Version>
          <TmNSManageableApps>
            <TmNSManageableApp ID="OnboardTAManagerBlackApp">
              <Name>TBD name</Name>
              <Description>TBD description</Description>
              <RoleID>OnboardTAManagerBlack</RoleID>
              <LoggingLevels>
                <Trace>true</Trace>
                <Debug>false</Debug>
                <Info>true</Info>
                <Warning>false</Warning>
                <Error>false</Error>
                <Critical>false</Critical>
              </LoggingLevels>
              <Manufacturer>TBD Vendor Co</Manufacturer>
              <Product>TBD App</Product>
              <ProductVersion>1.0</ProductVersion>
              <ConfigurationVersion>-TBD-</ConfigurationVersion>
              <TmNSStandardsVersion>TBD version</TmNSStandardsVersion>
              <DirtyBit>false</DirtyBit>
              <LaunchCommand>unused</LaunchCommand>
              <TmNSConsolidatedManager>
              </TmNSConsolidatedManager>
            </TmNSManageableApp>
          </TmNSManageableApps>
          <InternalStructure>
            <Module ID="OnboardTAManagerBlackModule">
              <Name>TBD Module</Name>
              <Description>TBD description</Description>
              <Manufacturer>TBD Vendor Co</Manufacturer>
              <Model>TBD </Model>
              <SerialIdentifier>TBD</SerialIdentifier>
              <InventoryID>TBD</InventoryID>
              <Position>1</Position>
              <PositionsOccupied>1</PositionsOccupied>
              <RunningApps>
                <ManageableAppRef IDREF="OnboardTAManagerBlackApp"/>
              </RunningApps>
              <NetworkInterface ID="OnboardTAManagerBlackIFace">
                <Name>eth0</Name>
                <DHCPEnable>false</DHCPEnable>
                <MACAddress>00:00:00:00:00:00</MACAddress>
                <PhysicalNetworkPort ID="OnboardTAManagerBlackPhyNetPort">
                  <Name>OnboardTAManagerBlackPhyNetPort1</Name>
                  <Description>TBD description</Description>
                  <Medium>Copper</Medium>
                  <PortNumber>1</PortNumber>
                  <PortDataRate>
                    <FloatValue>1e6</FloatValue>
                    <SIUnits>BitPerSecond</SIUnits>
                  </PortDataRate>
                </PhysicalNetworkPort>
              </NetworkInterface>
              <Ports>
                <Port ID="OnboardTAManagerBlackNetworkPort" Index="1">
                  <Name>Onboard TA Manager Black Network Port</Name>
                  <Description>TBD description</Description>
                  <PortDirection>Bidirectional</PortDirection>
                  <PhysicalNetworkPortRef IDREF="OnboardTAManagerBlackPhyNetPort"/>
                </Port>
              </Ports>
            </Module>
          </InternalStructure>
        </NetworkNode>


        <NetworkNode ID="TARadio">
          <Name>TARadio</Name>
          <Description>TBD description</Description>
          <InventoryID>TARadioInvID</InventoryID>
          <HostName>TBD hostname</HostName>
          <Manufacturer>TBD Vendor Co</Manufacturer>
          <Model>TBD WhizzBang</Model>
          <ModelVersion>1.0</ModelVersion>
          <SerialIdentifier>4567-8912-RA</SerialIdentifier>
          <IEEE1588Version>2008e2e</IEEE1588Version>
          <TmNSManageableApps>
            <TmNSManageableApp ID="TARadioApp">
              <Name>TBD name</Name>
              <Description>TBD description</Description>
              <RoleID>TARadio-001</RoleID>
              <LoggingLevels>
                <Trace>true</Trace>
                <Debug>false</Debug>
                <Info>true</Info>
                <Warning>false</Warning>
                <Error>false</Error>
                <Critical>false</Critical>
              </LoggingLevels>
              <Manufacturer>TBD Vendor Co</Manufacturer>
              <Product>TBD App</Product>
              <ProductVersion>1.0</ProductVersion>
              <ConfigurationVersion>0.0.1</ConfigurationVersion>
              <TmNSStandardsVersion>TBD version</TmNSStandardsVersion>
              <DirtyBit>false</DirtyBit>
              <LaunchCommand>unused</LaunchCommand>
              <TmNSRadio>
                <RANConfigRef IDREF="RANConfig1"/>
                <RadioType>TA Radio</RadioType>
                <RFAddress>24</RFAddress>
                <FragmentationPersistencePeriodUSec>1000</FragmentationPersistencePeriodUSec>
                <AutoConfigureLinksBearers>false</AutoConfigureLinksBearers>
                <TxPowerLeveldBm>10</TxPowerLeveldBm>
                <LowPowerModeEnable>false</LowPowerModeEnable>
                <DynamicPowerControlEnable>false</DynamicPowerControlEnable>
                <LinkAgent>
                  <NetworkInterfaceRef IDREF="TARadioIFace"/>
                  <ListeningPort>3456</ListeningPort>
                </LinkAgent>
              </TmNSRadio>
            </TmNSManageableApp>
          </TmNSManageableApps>
          <InternalStructure>
            <Module ID="TARadioModule">
              <Name>TBD Module</Name>
              <Description>TBD description</Description>
              <Manufacturer>TBD Vendor Co</Manufacturer>
              <Model>TBD </Model>
              <SerialIdentifier>TBD</SerialIdentifier>
              <InventoryID>TBD</InventoryID>
              <Position>1</Position>
              <PositionsOccupied>1</PositionsOccupied>
              <RunningApps>
                <ManageableAppRef IDREF="TARadioApp"/>
              </RunningApps>
              <NetworkInterface ID="TARadioIFace">
                <Name>TARadio1IFace</Name>
                <DHCPEnable>false</DHCPEnable>
                <MACAddress>00:00:00:00:00:00</MACAddress>
                <PhysicalNetworkPort ID="TARadioPhyNetPort">
                  <Name>TARadio Phy Net Port</Name>
                  <Description>TBD description</Description>
                  <Medium>Copper</Medium>
                  <PortNumber>1</PortNumber>
                  <PortDataRate>
                    <FloatValue>1e6</FloatValue>
                    <SIUnits>BitPerSecond</SIUnits>
                  </PortDataRate>
                </PhysicalNetworkPort>
              </NetworkInterface>
              <Ports>
                <Port ID="TARadioPort" Index="1">
                  <Name>TARadioPort</Name>
                  <Description>TBD description</Description>
                  <PortDirection>Bidirectional</PortDirection>
                  <PhysicalNetworkPortRef IDREF="TARadioPhyNetPort"/>
                </Port>
              </Ports>
            </Module>
          </InternalStructure>
        </NetworkNode>


        <NetworkNode ID="SSTTransmitter1">
          <Name>SST Transmitter 1</Name>
          <Description>TBD description</Description>
          <InventoryID>SST-00010</InventoryID>
          <HostName>TBD hostname</HostName>
          <Manufacturer>TBD Vendor Co</Manufacturer>
          <Model>TBD WhizzBang</Model>
          <ModelVersion>1.0</ModelVersion>
          <SerialIdentifier>4567-8912-RA</SerialIdentifier>
          <IEEE1588Version>2008e2e</IEEE1588Version>
          <TmNSManageableApps>
            <TmNSManageableApp ID="SSTTx1App">
              <Name>TBD name</Name>
              <Description>TBD description</Description>
              <RoleID>TmNS-SSTTx-00010</RoleID>
              <LoggingLevels>
                <Trace>true</Trace>
                <Debug>false</Debug>
                <Info>true</Info>
                <Warning>false</Warning>
                <Error>false</Error>
                <Critical>false</Critical>
              </LoggingLevels>
              <Manufacturer>TBD Vendor Co</Manufacturer>
              <Product>TBD App</Product>
              <ProductVersion>1.0</ProductVersion>
              <ConfigurationVersion>0.0.1</ConfigurationVersion>
              <TmNSStandardsVersion>TBD version</TmNSStandardsVersion>
              <DirtyBit>false</DirtyBit>
              <LaunchCommand>unused</LaunchCommand>
              <TmNSNetworkFabricDevice>
                <MulticastRoutingMode>Dynamic</MulticastRoutingMode>
                <IGMPQuerier>Off</IGMPQuerier>
                <IGMPQuerierInterval>0</IGMPQuerierInterval>
              </TmNSNetworkFabricDevice>
              <TmNSSSTTx>
                <SSTTxRCCVersion>TBD</SSTTxRCCVersion>
                <Channel ID="SSTTx1Chan1">
                  <Name>TBD name</Name>
                  <ChannelNumber>30</ChannelNumber>
                  <CenterFrequency>
                    <FloatValue>1800e6</FloatValue>
                    <SIUnits>Hertz</SIUnits>
                  </CenterFrequency>
                  <DiffEncoding>false</DiffEncoding>
                  <Randomize>false</Randomize>
                  <RFEnable>false</RFEnable>
                  <RFHighPowerEnable>false</RFHighPowerEnable>
                  <DataPolarityInverted>false</DataPolarityInverted>
                  <DataSourceInternal>false</DataSourceInternal>
                  <InternalClock>false</InternalClock>
                  <FECEnable>true</FECEnable>
                  <SleepMode>false</SleepMode>
                </Channel>
              </TmNSSSTTx>
            </TmNSManageableApp>
          </TmNSManageableApps>
          <InternalStructure>
            <Module ID="SSTTx1Module">
              <Name>TBD Module</Name>
              <Description>TBD description</Description>
              <Manufacturer>TBD Vendor Co</Manufacturer>
              <Model>TBD </Model>
              <SerialIdentifier>TBD</SerialIdentifier>
              <InventoryID>TBD</InventoryID>
              <Position>1</Position>
              <PositionsOccupied>1</PositionsOccupied>
              <RunningApps>
                <ManageableAppRef IDREF="SSTTx1App"/>
              </RunningApps>
              <NetworkInterface ID="SSTTx1IFace">
                <Name>SSTTx1IFace</Name>
                <DHCPEnable>false</DHCPEnable>
                <MACAddress>00:00:00:00:00:00</MACAddress>
                <PhysicalNetworkPort ID="SSTTx1PhyNetPort">
                  <Name>SST Tx 1 Phy Net Port</Name>
                  <Description>TBD description</Description>
                  <Medium>Copper</Medium>
                  <PortNumber>1</PortNumber>
                  <PortDataRate>
                    <FloatValue>1e6</FloatValue>
                    <SIUnits>BitPerSecond</SIUnits>
                  </PortDataRate>
                </PhysicalNetworkPort>
              </NetworkInterface>
              <Ports>
                <Port ID="SSTTx1Port" Index="1">
                  <Name>SSTTx1Port</Name>
                  <Description>TBD description</Description>
                  <PortDirection>Bidirectional</PortDirection>
                  <PhysicalNetworkPortRef IDREF="SSTTx1PhyNetPort"/>
                </Port>
              </Ports>
            </Module>
          </InternalStructure>
        </NetworkNode>



        <NetworkNode ID="BlackSwitch1">
          <Name>Black Switch 1</Name>
          <Description>TBD description</Description>
          <InventoryID>8-Port-Switch-ID-000012</InventoryID>
          <HostName>TBD hostname</HostName>
          <Manufacturer>TBD Vendor Co</Manufacturer>
          <Model>TBD WhizzBang</Model>
          <ModelVersion>1.0</ModelVersion>
          <SerialIdentifier>4567-8912-RA</SerialIdentifier>
          <IEEE1588Version>2008e2e</IEEE1588Version>
          <TmNSManageableApps>
            <TmNSManageableApp ID="BlackSwitch1App">
              <Name>TBD name</Name>
              <Description>TBD description</Description>
              <RoleID>BlackSwitch1</RoleID>
              <LoggingLevels>
                <Trace>true</Trace>
                <Debug>false</Debug>
                <Info>true</Info>
                <Warning>false</Warning>
                <Error>false</Error>
                <Critical>false</Critical>
              </LoggingLevels>
              <Manufacturer>TBD Vendor Co</Manufacturer>
              <Product>TBD App</Product>
              <ProductVersion>1.0</ProductVersion>
              <ConfigurationVersion>-TBD-</ConfigurationVersion>
              <TmNSStandardsVersion>TBD version</TmNSStandardsVersion>
              <DirtyBit>false</DirtyBit>
              <LaunchCommand>unused</LaunchCommand>
              <TmNSNetworkFabricDevice>
                <MulticastRoutingMode>Dynamic</MulticastRoutingMode>
                <IGMPQuerier>Off</IGMPQuerier>
                <IGMPQuerierInterval>0</IGMPQuerierInterval>
              </TmNSNetworkFabricDevice>
            </TmNSManageableApp>
          </TmNSManageableApps>
          <InternalStructure>
            <Module ID="BlackSwitch1Module">
              <Name>TBD Module</Name>
              <Description>TBD description</Description>
              <Manufacturer>TBD Vendor Co</Manufacturer>
              <Model>TBD </Model>
              <SerialIdentifier>TBD</SerialIdentifier>
              <InventoryID>TBD</InventoryID>
              <Position>1</Position>
              <PositionsOccupied>1</PositionsOccupied>
              <RunningApps>
                <ManageableAppRef IDREF="BlackSwitch1App"/>
              </RunningApps>
              <NetworkInterface ID="BlackSwitch1IFace">
                <Name>eth0</Name>
                <DHCPEnable>false</DHCPEnable>
                <MACAddress>00:00:00:00:00:00</MACAddress>
                <PhysicalNetworkPort ID="BlackSwitch1PhyNetPort1">
                  <Name>BlackSwitch1PhyNetPort1</Name>
                  <Description>TBD description</Description>
                  <Medium>Copper</Medium>
                  <PortNumber>1</PortNumber>
                  <PortDataRate>
                    <FloatValue>1e6</FloatValue>
                    <SIUnits>BitPerSecond</SIUnits>
                  </PortDataRate>
                </PhysicalNetworkPort>
                <PhysicalNetworkPort ID="BlackSwitch1PhyNetPort2">
                  <Name>BlackSwitch1PhyNetPort2</Name>
                  <Description>TBD description</Description>
                  <Medium>Copper</Medium>
                  <PortNumber>2</PortNumber>
                  <PortDataRate>
                    <FloatValue>1e6</FloatValue>
                    <SIUnits>BitPerSecond</SIUnits>
                  </PortDataRate>
                </PhysicalNetworkPort>
                <PhysicalNetworkPort ID="BlackSwitch1PhyNetPort3">
                  <Name>BlackSwitch1PhyNetPort3</Name>
                  <Description>TBD description</Description>
                  <Medium>Copper</Medium>
                  <PortNumber>3</PortNumber>
                  <PortDataRate>
                    <FloatValue>1e6</FloatValue>
                    <SIUnits>BitPerSecond</SIUnits>
                  </PortDataRate>
                </PhysicalNetworkPort>
                <PhysicalNetworkPort ID="BlackSwitch1PhyNetPort4">
                  <Name>BlackSwitch1PhyNetPort4</Name>
                  <Description>TBD description</Description>
                  <Medium>Copper</Medium>
                  <PortNumber>4</PortNumber>
                  <PortDataRate>
                    <FloatValue>1e6</FloatValue>
                    <SIUnits>BitPerSecond</SIUnits>
                  </PortDataRate>
                </PhysicalNetworkPort>
                <PhysicalNetworkPort ID="BlackSwitch1PhyNetPort5">
                  <Name>BlackSwitch1PhyNetPort5</Name>
                  <Description>TBD description</Description>
                  <Medium>Copper</Medium>
                  <PortNumber>5</PortNumber>
                  <PortDataRate>
                    <FloatValue>1e6</FloatValue>
                    <SIUnits>BitPerSecond</SIUnits>
                  </PortDataRate>
                </PhysicalNetworkPort>
                <PhysicalNetworkPort ID="BlackSwitch1PhyNetPort6">
                  <Name>BlackSwitch1PhyNetPort6</Name>
                  <Description>TBD description</Description>
                  <Medium>Copper</Medium>
                  <PortNumber>6</PortNumber>
                  <PortDataRate>
                    <FloatValue>1e6</FloatValue>
                    <SIUnits>BitPerSecond</SIUnits>
                  </PortDataRate>
                </PhysicalNetworkPort>
                <PhysicalNetworkPort ID="BlackSwitch1PhyNetPort7">
                  <Name>BlackSwitch1PhyNetPort7</Name>
                  <Description>TBD description</Description>
                  <Medium>Copper</Medium>
                  <PortNumber>7</PortNumber>
                  <PortDataRate>
                    <FloatValue>1e6</FloatValue>
                    <SIUnits>BitPerSecond</SIUnits>
                  </PortDataRate>
                </PhysicalNetworkPort>
                <PhysicalNetworkPort ID="BlackSwitch1PhyNetPort8">
                  <Name>BlackSwitch1PhyNetPort8</Name>
                  <Description>TBD description</Description>
                  <Medium>Copper</Medium>
                  <PortNumber>8</PortNumber>
                  <PortDataRate>
                    <FloatValue>1e6</FloatValue>
                    <SIUnits>BitPerSecond</SIUnits>
                  </PortDataRate>
                </PhysicalNetworkPort>
              </NetworkInterface>
              <Ports>
                <Port ID="BlackSwitch1Port1" Index="1">
                  <Name>Switch1Port1</Name>
                  <Description>TBD description</Description>
                  <PortDirection>Bidirectional</PortDirection>
                  <PhysicalNetworkPortRef IDREF="BlackSwitch1PhyNetPort1"/>
                </Port>
                <Port ID="BlackSwitch1Port2" Index="2">
                  <Name>Switch1Port2</Name>
                  <Description>TBD description</Description>
                  <PortDirection>Bidirectional</PortDirection>
                  <PhysicalNetworkPortRef IDREF="BlackSwitch1PhyNetPort2"/>
                </Port>
                <Port ID="BlackSwitch1Port3" Index="3">
                  <Name>Switch1Port3</Name>
                  <Description>TBD description</Description>
                  <PortDirection>Bidirectional</PortDirection>
                  <PhysicalNetworkPortRef IDREF="BlackSwitch1PhyNetPort3"/>
                </Port>
                <Port ID="BlackSwitch1Port4" Index="4">
                  <Name>Switch1Port4</Name>
                  <Description>TBD description</Description>
                  <PortDirection>Bidirectional</PortDirection>
                  <PhysicalNetworkPortRef IDREF="BlackSwitch1PhyNetPort4"/>
                </Port>
                <Port ID="BlackSwitch1Port5" Index="5">
                  <Name>Switch1Port5</Name>
                  <Description>TBD description</Description>
                  <PortDirection>Bidirectional</PortDirection>
                  <PhysicalNetworkPortRef IDREF="BlackSwitch1PhyNetPort5"/>
                </Port>
                <Port ID="BlackSwitch1Port6" Index="6">
                  <Name>Switch1Port6</Name>
                  <Description>TBD description</Description>
                  <PortDirection>Bidirectional</PortDirection>
                  <PhysicalNetworkPortRef IDREF="BlackSwitch1PhyNetPort6"/>
                </Port>
                <Port ID="BlackSwitch1Port7" Index="7">
                  <Name>Switch1Port7</Name>
                  <Description>TBD description</Description>
                  <PortDirection>Bidirectional</PortDirection>
                  <PhysicalNetworkPortRef IDREF="BlackSwitch1PhyNetPort7"/>
                </Port>
                <Port ID="BlackSwitch1Port8" Index="8">
                  <Name>Switch1Port8</Name>
                  <Description>TBD description</Description>
                  <PortDirection>Bidirectional</PortDirection>
                  <PhysicalNetworkPortRef IDREF="BlackSwitch1PhyNetPort8"/>
                </Port>
              </Ports>
            </Module>
          </InternalStructure>
        </NetworkNode>

      </Network>

      <NetworkNode ID="Encryptor1">
        <Name>Encryptor1</Name>
        <Description>TBD description</Description>
        <InventoryID>Encryptor1</InventoryID>
        <HostName>TBD hostname</HostName>
        <Manufacturer>TBD Vendor Co</Manufacturer>
        <Model>TBD WhizzBang</Model>
        <ModelVersion>1.0</ModelVersion>
        <SerialIdentifier>4567-8912-RA</SerialIdentifier>
        <IEEE1588Version>2008e2e</IEEE1588Version>
        <TmNSManageableApps>
          <TmNSManageableApp ID="Encryptor1App">
            <Name>TBD name</Name>
            <Description>TBD description</Description>
            <RoleID>Encryptor1</RoleID>
            <LoggingLevels>
              <Trace>true</Trace>
              <Debug>false</Debug>
              <Info>true</Info>
              <Warning>false</Warning>
              <Error>false</Error>
              <Critical>false</Critical>
            </LoggingLevels>
            <Manufacturer>TBD Vendor Co</Manufacturer>
            <Product>TBD App</Product>
            <ProductVersion>1.0</ProductVersion>
            <ConfigurationVersion>-TBD-</ConfigurationVersion>
            <TmNSStandardsVersion>TBD version</TmNSStandardsVersion>
            <DirtyBit>false</DirtyBit>
            <LaunchCommand>unused</LaunchCommand>
            <TmNSEncryptor>
              <RedNetworkInterfaceRef IDREF="EncryptorRedIFace"/>
              <BlackNetworkInterfaceRef IDREF="EncryptorBlackIFace"/>
            </TmNSEncryptor>
          </TmNSManageableApp>
        </TmNSManageableApps>
        <InternalStructure>
          <Module ID="Encryptor1Module">
            <Name>TBD Module</Name>
            <Description>TBD description</Description>
            <Manufacturer>TBD Vendor Co</Manufacturer>
            <Model>TBD </Model>
            <SerialIdentifier>TBD</SerialIdentifier>
            <InventoryID>TBD</InventoryID>
            <Position>1</Position>
            <PositionsOccupied>1</PositionsOccupied>
            <RunningApps>
              <ManageableAppRef IDREF="Encryptor1App"/>
            </RunningApps>
            <NetworkInterface ID="EncryptorRedIFace">
              <Name>Eth0</Name>
              <DHCPEnable>false</DHCPEnable>
              <MACAddress>00:00:00:00:00:00</MACAddress>
              <PhysicalNetworkPort ID="EncryptorRedPhyNetPort">
                <Name>EncryptorRedPhyNetPort</Name>
                <Description>TBD description</Description>
                <Medium>Copper</Medium>
                <PortNumber>1</PortNumber>
                <PortDataRate>
                  <FloatValue>1e6</FloatValue>
                  <SIUnits>BitPerSecond</SIUnits>
                </PortDataRate>
              </PhysicalNetworkPort>
            </NetworkInterface>
            <NetworkInterface ID="EncryptorBlackIFace">
              <Name>Eth0</Name>
              <DHCPEnable>false</DHCPEnable>
              <MACAddress>00:00:00:00:00:00</MACAddress>
              <PhysicalNetworkPort ID="EncryptorBlackPhyNetPort">
                <Name>EncryptorBlackPhyNetPort</Name>
                <Description>TBD description</Description>
                <Medium>Copper</Medium>
                <PortNumber>1</PortNumber>
                <PortDataRate>
                  <FloatValue>1e6</FloatValue>
                  <SIUnits>BitPerSecond</SIUnits>
                </PortDataRate>
              </PhysicalNetworkPort>
            </NetworkInterface>
            <Ports>
              <Port ID="EncryptorBlackPort" Index="1">
                <Name>TBD name</Name>
                <Description>TBD description</Description>
                <PortDirection>Bidirectional</PortDirection>
                <PhysicalNetworkPortRef IDREF="EncryptorBlackPhyNetPort"/>
              </Port>
              <Port ID="EncryptorRedPort" Index="2">
                <Name>TBD name</Name>
                <Description>TBD description</Description>
                <PortDirection>Bidirectional</PortDirection>
                <PhysicalNetworkPortRef IDREF="EncryptorRedPhyNetPort"/>
              </Port>
            </Ports>
          </Module>
        </InternalStructure>
      </NetworkNode>

    </Network>
  </NetworkDomains>

  <RANConfigs>
    <RANConfig ID="RANConfig1">
      <Name>Example RAN</Name>
      <Description>This is an example RAN configuration</Description>
      <CenterFreqHz>1234</CenterFreqHz> <!--Obviously a fake value-->
      <ModulationType>SOQPSK-TG</ModulationType>
      <EpochSize>100</EpochSize>
      <ContentionPeriodOpsEnable>true</ContentionPeriodOpsEnable>
      <LDPCBlocksPerBurst>4</LDPCBlocksPerBurst>
      <MaxGuardTimeSec>0.001234</MaxGuardTimeSec> <!--Just a fake value-->
      <RadioControlLoopDSCPRef IDREF="DiffservLMMsg"/>
      <RANCommandControlDSCPRef IDREF="DiffservRANMsg"/>
      <RadioGroups>
        <RadioGroup ID="RG-001">
          <Name>Radio Group 1</Name>
          <Description>TBD</Description>
          <GroupRFAddress>1234</GroupRFAddress>
        </RadioGroup>
      </RadioGroups>
    </RANConfig>
  </RANConfigs>
  <DSCPTable>
    <ReadOnly>true</ReadOnly>
    <Owner>SDD Range Rules</Owner>
    <DSCPTableEntry ID="DiffservGeneral">
      <Name>Diffserv General (Best Effort)</Name>
      <Description>Diffserv General (Best Effort PHB)</Description>
      <DSCPValue>0b000000</DSCPValue>
    </DSCPTableEntry>
    <DSCPTableEntry ID="DiffservRCNormalSMStatus">
      <Name>Diffserv RC Normal and System Management Status(Assured Forwarding DSCP 8)</Name>
      <Description>Diffserv RC Normal and System Management Status (Assured Forwarding DSCP 8)</Description>
      <DSCPValue>0b001000</DSCPValue>
    </DSCPTableEntry>
    <DSCPTableEntry ID="DiffservLTC">
      <Name>Diffserv LTC (Assured Forwarding DSCP 16)</Name>
      <Description>Diffserv LTC (Assured Forwarding DSCP 16)</Description>
      <DSCPValue>0b010000</DSCPValue>
    </DSCPTableEntry>
    <DSCPTableEntry ID="DiffservRCHigh">
      <Name>Diffserv RC High (Assured Forwarding DSCP 24)</Name>
      <Description>Diffserv RC High (Assured Forwarding DSCP 24)</Description>
      <DSCPValue>0b011000</DSCPValue>
    </DSCPTableEntry>
    <DSCPTableEntry ID="DiffservSMVideo">
      <Name>Diffserv System Management and Video (Assured Forwarding DSCP 32)</Name>
      <Description>Diffserv System Management and Video (Assured Forwarding DSCP 32)</Description>
      <DSCPValue>0b100000</DSCPValue>
    </DSCPTableEntry>
    <DSCPTableEntry ID="DiffservVoice">
      <Name>Diffserv Voice (Expedited Forwarding DSCP 40)</Name>
      <Description>Diffserv Voice (Expedited Forwarding PHB)</Description>
      <DSCPValue>0b101000</DSCPValue>
    </DSCPTableEntry>
    <DSCPTableEntry ID="DiffservRANMsg">
      <Name>Diffserv RAN Messaging (DSCP 48)</Name>
      <Description>Diffserv RAN Messaging (DSCP 48)</Description>
      <DSCPValue>0b110000</DSCPValue>
    </DSCPTableEntry>
    <DSCPTableEntry ID="DiffservLMMsg">
      <Name>Diffserv Link Manager Messages (DSCP 56)</Name>
      <Description>Diffserv Link Manager Messages (DSCP 56)</Description>
      <DSCPValue>0b111000</DSCPValue>
    </DSCPTableEntry>
  </DSCPTable>

</MDLRoot>
