<?xml version="1.0"?>
<MDLRoot xmlns:xsi="http://www.w3.org/2001/XMLSchema-instance" 
         xmlns="http://inetprogram.org/projects/MDL" 
         xsi:schemaLocation="http://inetprogram.org/projects/MDL MDL_v0_8_9.xsd">
  <ConfigurationVersion>-TBD-</ConfigurationVersion>
  <TestMissions>
    <TestMission>
      <Name>Networking Example</Name>
      <TmNSCompleteness>false</TmNSCompleteness>
      <TmNSCompletenessDescription>4 Dau Test</TmNSCompletenessDescription>
      <NetworkReferences>
        <NetworkRef IDREF="ExampleNetworkID"/>
      </NetworkReferences>
    </TestMission>
  </TestMissions>
  <NetworkDomains>
    <Network ID="ExampleNetworkID">
      <Name>LabNetworkSwRI</Name>
      <Description>lab network</Description>
      <NetworkType>TmNS</NetworkType>
      <NetworkNode ID="TmNSDataServer">
        <Name>TmNS Data Server Computer</Name>
        <InventoryID>COMP-00010</InventoryID>
        <TmNSManageableApps>
          <TmNSManageableApp ID="DataServerApp">
            <RoleID>TmNS-DS-00010</RoleID>
            <LoggingLevel>Trace</LoggingLevel>
            <ConfigurationVersion>-TBD-</ConfigurationVersion>
            <TmNSNetworkDevice/>
          </TmNSManageableApp>
        </TmNSManageableApps>
        <NetworkInterface ID="TmNSDataServerIFace">
          <Name>TmNSDataServerIFace</Name>
          <InterfaceName>TmNSDataServerIFace</InterfaceName>
          <DHCPEnable>false</DHCPEnable>
          <IPAddress>192.168.0.7</IPAddress>
          <Netmask>255.255.255.0</Netmask>
          <Gateway>192.168.0.1</Gateway>
          <MACAddress>00:00:00:00:00:00</MACAddress>
          <PhysicalNetworkPort ID="TmNSDataServerPhyNetPort">
            <Name>TmNSDataServerPhyNetPort</Name>
            <Medium>Copper</Medium>
            <PortNumber>1</PortNumber>
            <PortDataRate>
              <FloatValue>1e9</FloatValue>
              <SIUnits>BitPerSecond</SIUnits>
            </PortDataRate>
          </PhysicalNetworkPort>
        </NetworkInterface>
        <Ports>
          <Port ID="TmNSDataServerPort">
            <Name>TmNSDataServerPort</Name>
            <PortDirection>Bidirectional</PortDirection>
            <PhysicalNetworkPortRef IDREF="TmNSDataServerPhyNetPort"/>
          </Port>
        </Ports>
      </NetworkNode>
      <NetworkNode ID="MissionCtrlProc">
        <Name>Mission Control Processor</Name>
        <InventoryID>COMP-00011</InventoryID>
        <TmNSManageableApps>
          <TmNSManageableApp ID="MissionControlProcApp">
            <RoleID>MCP-001</RoleID>
            <LoggingLevel>Trace</LoggingLevel>
            <ConfigurationVersion>-TBD-</ConfigurationVersion>
            <TmNSNetworkDevice/>
          </TmNSManageableApp>
        </TmNSManageableApps>
        <NetworkInterface ID="MissionCtrlProcIFace">
          <Name>MissionCtrlProcIFace</Name>
          <InterfaceName>MissionCtrlProcIFace</InterfaceName>
          <DHCPEnable>false</DHCPEnable>
          <IPAddress>192.168.0.7</IPAddress>
          <Netmask>255.255.255.0</Netmask>
          <Gateway>192.168.0.1</Gateway>
          <MACAddress>00:00:00:00:00:00</MACAddress>
          <PhysicalNetworkPort ID="MissionCtrlProcPhyNetPort">
            <Name>Mission Control Proc Port 1</Name>
            <Medium>Copper</Medium>
            <PortNumber>1</PortNumber>
            <PortDataRate>
              <FloatValue>1e9</FloatValue>
              <SIUnits>BitPerSecond</SIUnits>
            </PortDataRate>
          </PhysicalNetworkPort>
        </NetworkInterface>
        <Ports>
          <Port ID="MissionCtrlProcPort">
            <Name>MissionCtrlProcPort</Name>
            <PortDirection>Bidirectional</PortDirection>
            <PhysicalNetworkPortRef IDREF="MissionCtrlProcPhyNetPort"/>
          </Port>
        </Ports>
      </NetworkNode>
      <NetworkNode ID="Switch1">
        <Name>Switch 1</Name>
        <InventoryID>Switch1</InventoryID>
        <TmNSManageableApps>
          <TmNSManageableApp ID="Switch1App">
            <RoleID>Switch1</RoleID>
            <LoggingLevel>Trace</LoggingLevel>
            <ConfigurationVersion>-TBD-</ConfigurationVersion>
            <TmNSNetworkDevice/>
          </TmNSManageableApp>
        </TmNSManageableApps>
        <NetworkInterface ID="Switch1IFace">
          <Name>Switch1IFace</Name>
          <InterfaceName>Switch1IFace</InterfaceName>
          <DHCPEnable>false</DHCPEnable>
          <IPAddress>192.168.0.254</IPAddress>
          <Netmask>255.255.255.0</Netmask>
          <Gateway>192.168.0.254</Gateway>
          <MACAddress>00:00:00:00:00:00</MACAddress>
          <PhysicalNetworkPort ID="Sw1PhyNetPort1">
            <Name>Sw1PhyNetPort1</Name>
            <Medium>Copper</Medium>
            <PortNumber>1</PortNumber>
            <PortDataRate>
              <FloatValue>1e9</FloatValue>
              <SIUnits>BitPerSecond</SIUnits>
            </PortDataRate>
          </PhysicalNetworkPort>
          <PhysicalNetworkPort ID="Sw1PhyNetPort2">
            <Name>Sw1PhyNetPort2</Name>
            <Medium>Copper</Medium>
            <PortNumber>2</PortNumber>
            <PortDataRate>
              <FloatValue>1e9</FloatValue>
              <SIUnits>BitPerSecond</SIUnits>
            </PortDataRate>
          </PhysicalNetworkPort>
          <PhysicalNetworkPort ID="Sw1PhyNetPort3">
            <Name>Sw1PhyNetPort3</Name>
            <Medium>Copper</Medium>
            <PortNumber>3</PortNumber>
            <PortDataRate>
              <FloatValue>1e9</FloatValue>
              <SIUnits>BitPerSecond</SIUnits>
            </PortDataRate>
          </PhysicalNetworkPort>
          <PhysicalNetworkPort ID="Sw1PhyNetPort4">
            <Name>Sw1PhyNetPort4</Name>
            <Medium>Copper</Medium>
            <PortNumber>4</PortNumber>
            <PortDataRate>
              <FloatValue>1e9</FloatValue>
              <SIUnits>BitPerSecond</SIUnits>
            </PortDataRate>
          </PhysicalNetworkPort>
          <PhysicalNetworkPort ID="Sw1PhyNetPort5">
            <Name>Sw1PhyNetPort5</Name>
            <Medium>Copper</Medium>
            <PortNumber>5</PortNumber>
            <PortDataRate>
              <FloatValue>1e9</FloatValue>
              <SIUnits>BitPerSecond</SIUnits>
            </PortDataRate>
          </PhysicalNetworkPort>
          <PhysicalNetworkPort ID="Sw1PhyNetPort6">
            <Name>Sw1PhyNetPort6</Name>
            <Medium>Copper</Medium>
            <PortNumber>6</PortNumber>
            <PortDataRate>
              <FloatValue>1e9</FloatValue>
              <SIUnits>BitPerSecond</SIUnits>
            </PortDataRate>
          </PhysicalNetworkPort>
          <PhysicalNetworkPort ID="Sw1PhyNetPort21">
            <Name>Sw1PhyNetPort21</Name>
            <Medium>Copper</Medium>
            <PortNumber>21</PortNumber>
            <PortDataRate>
              <FloatValue>1e9</FloatValue>
              <SIUnits>BitPerSecond</SIUnits>
            </PortDataRate>
          </PhysicalNetworkPort>
          <PhysicalNetworkPort ID="Sw1PhyNetPort22">
            <Name>Sw1PhyNetPort22</Name>
            <Medium>Copper</Medium>
            <PortNumber>22</PortNumber>
            <PortDataRate>
              <FloatValue>1e9</FloatValue>
              <SIUnits>BitPerSecond</SIUnits>
            </PortDataRate>
          </PhysicalNetworkPort>
        </NetworkInterface>
        <Ports>
          <Port ID="Switch1Port1">
            <Name>Switch1Port1</Name>
            <PortDirection>Bidirectional</PortDirection>
            <PhysicalNetworkPortRef IDREF="Sw1PhyNetPort1"/>
          </Port>
          <Port ID="Switch1Port2">
            <Name>Switch1Port2</Name>
            <PortDirection>Bidirectional</PortDirection>
            <PhysicalNetworkPortRef IDREF="Sw1PhyNetPort2"/>
          </Port>
          <Port ID="Switch1Port3">
            <Name>Switch1Port3</Name>
            <PortDirection>Bidirectional</PortDirection>
            <PhysicalNetworkPortRef IDREF="Sw1PhyNetPort3"/>
          </Port>
          <Port ID="Switch1Port4">
            <Name>Switch1Port4</Name>
            <PortDirection>Bidirectional</PortDirection>
            <PhysicalNetworkPortRef IDREF="Sw1PhyNetPort4"/>
          </Port>
          <Port ID="Switch1Port5">
            <Name>Switch1Port5</Name>
            <PortDirection>Bidirectional</PortDirection>
            <PhysicalNetworkPortRef IDREF="Sw1PhyNetPort5"/>
          </Port>
          <Port ID="Switch1Port6">
            <Name>Switch1Port6</Name>
            <PortDirection>Bidirectional</PortDirection>
            <PhysicalNetworkPortRef IDREF="Sw1PhyNetPort6"/>
          </Port>
          <Port ID="Switch1Port21">
            <Name>Switch1Port21</Name>
            <PortDirection>Bidirectional</PortDirection>
            <PhysicalNetworkPortRef IDREF="Sw1PhyNetPort21"/>
          </Port>
          <Port ID="Switch1Port22">
            <Name>Switch1Port22</Name>
            <PortDirection>Bidirectional</PortDirection>
            <PhysicalNetworkPortRef IDREF="Sw1PhyNetPort22"/>
          </Port>
        </Ports>
      </NetworkNode>
      <NetworkNode ID="Switch2">
        <Name>Switch2</Name>
        <InventoryID>Switch2</InventoryID>
        <TmNSManageableApps>
          <TmNSManageableApp ID="Switch2App">
            <RoleID>Switch2</RoleID>
            <LoggingLevel>Trace</LoggingLevel>
            <ConfigurationVersion>-TBD-</ConfigurationVersion>
            <TmNSNetworkDevice/>
          </TmNSManageableApp>
        </TmNSManageableApps>
        <NetworkInterface ID="Switch2IFace">
          <Name>Switch2IFace</Name>
          <InterfaceName>Switch2IFace</InterfaceName>
          <DHCPEnable>false</DHCPEnable>
          <IPAddress>192.168.0.253</IPAddress>
          <Netmask>255.255.255.0</Netmask>
          <Gateway>192.168.0.1</Gateway>
          <MACAddress>00:00:00:00:00:00</MACAddress>
          <PhysicalNetworkPort ID="Sw2PhyNetPort1">
            <Name>Sw2PhyNetPort1</Name>
            <Medium>Copper</Medium>
            <PortNumber>1</PortNumber>
            <PortDataRate>
              <FloatValue>1e9</FloatValue>
              <SIUnits>BitPerSecond</SIUnits>
            </PortDataRate>
          </PhysicalNetworkPort>
          <PhysicalNetworkPort ID="Sw2PhyNetPort2">
            <Name>Sw2PhyNetPort2</Name>
            <Medium>Copper</Medium>
            <PortNumber>2</PortNumber>
            <PortDataRate>
              <FloatValue>1e9</FloatValue>
              <SIUnits>BitPerSecond</SIUnits>
            </PortDataRate>
          </PhysicalNetworkPort>
          <PhysicalNetworkPort ID="Sw2PhyNetPort3">
            <Name>Sw2PhyNetPort3</Name>
            <Medium>Copper</Medium>
            <PortNumber>3</PortNumber>
            <PortDataRate>
              <FloatValue>1e9</FloatValue>
              <SIUnits>BitPerSecond</SIUnits>
            </PortDataRate>
          </PhysicalNetworkPort>
          <PhysicalNetworkPort ID="Sw2PhyNetPort4">
            <Name>Sw2PhyNetPort4</Name>
            <Medium>Copper</Medium>
            <PortNumber>4</PortNumber>
            <PortDataRate>
              <FloatValue>1e9</FloatValue>
              <SIUnits>BitPerSecond</SIUnits>
            </PortDataRate>
          </PhysicalNetworkPort>
          <PhysicalNetworkPort ID="Sw2PhyNetPort5">
            <Name>Sw2PhyNetPort5</Name>
            <Medium>Copper</Medium>
            <PortNumber>5</PortNumber>
            <PortDataRate>
              <FloatValue>1e9</FloatValue>
              <SIUnits>BitPerSecond</SIUnits>
            </PortDataRate>
          </PhysicalNetworkPort>
          <PhysicalNetworkPort ID="Sw2PhyNetPort6">
            <Name>Sw2PhyNetPort6</Name>
            <Medium>Copper</Medium>
            <PortNumber>6</PortNumber>
            <PortDataRate>
              <FloatValue>1e9</FloatValue>
              <SIUnits>BitPerSecond</SIUnits>
            </PortDataRate>
          </PhysicalNetworkPort>
          <PhysicalNetworkPort ID="Sw2PhyNetPort7">
            <Name>Sw2PhyNetPort7</Name>
            <Medium>Copper</Medium>
            <PortNumber>7</PortNumber>
            <PortDataRate>
              <FloatValue>1e9</FloatValue>
              <SIUnits>BitPerSecond</SIUnits>
            </PortDataRate>
          </PhysicalNetworkPort>
          <PhysicalNetworkPort ID="Sw2PhyNetPort8">
            <Name>Sw2PhyNetPort8</Name>
            <Medium>Copper</Medium>
            <PortNumber>8</PortNumber>
            <PortDataRate>
              <FloatValue>1e9</FloatValue>
              <SIUnits>BitPerSecond</SIUnits>
            </PortDataRate>
          </PhysicalNetworkPort>
        </NetworkInterface>
        <Ports>
          <Port ID="Switch2Port1">
            <Name>Switch2Port1</Name>
            <PortDirection>Bidirectional</PortDirection>
            <PhysicalNetworkPortRef IDREF="Sw2PhyNetPort1"/>
          </Port>
          <Port ID="Switch2Port2">
            <Name>Switch2Port2</Name>
            <PortDirection>Bidirectional</PortDirection>
            <PhysicalNetworkPortRef IDREF="Sw2PhyNetPort2"/>
          </Port>
          <Port ID="Switch2Port3">
            <Name>Switch2Port3</Name>
            <PortDirection>Bidirectional</PortDirection>
            <PhysicalNetworkPortRef IDREF="Sw2PhyNetPort3"/>
          </Port>
          <Port ID="Switch2Port4">
            <Name>Switch2Port4</Name>
            <PortDirection>Bidirectional</PortDirection>
            <PhysicalNetworkPortRef IDREF="Sw2PhyNetPort4"/>
          </Port>
          <Port ID="Switch2Port5">
            <Name>Switch2Port5</Name>
            <PortDirection>Bidirectional</PortDirection>
            <PhysicalNetworkPortRef IDREF="Sw2PhyNetPort5"/>
          </Port>
          <Port ID="Switch2Port6">
            <Name>Switch2Port6</Name>
            <PortDirection>Bidirectional</PortDirection>
            <PhysicalNetworkPortRef IDREF="Sw2PhyNetPort6"/>
          </Port>
          <Port ID="Switch2Port7">
            <Name>Switch2Port7</Name>
            <PortDirection>Bidirectional</PortDirection>
            <PhysicalNetworkPortRef IDREF="Sw2PhyNetPort7"/>
          </Port>
          <Port ID="Switch2Port8">
            <Name>Switch 2 Port 8</Name>
            <PortDirection>Bidirectional</PortDirection>
            <PhysicalNetworkPortRef IDREF="Sw2PhyNetPort8"/>
          </Port>
        </Ports>
      </NetworkNode>
      <NetworkNode ID="Dau1">
        <Name>Dau1</Name>
        <InventoryID>Dau1</InventoryID>
        <TmNSManageableApps>
          <TmNSManageableApp ID="DAU1App">
            <RoleID>Dau1</RoleID>
            <LoggingLevel>Trace</LoggingLevel>
            <ConfigurationVersion>-TBD-</ConfigurationVersion>
            <TmNSDAU/>
          </TmNSManageableApp>
        </TmNSManageableApps>
        <NetworkInterface ID="Dau1IFace">
          <Name>Dau1IFace</Name>
          <InterfaceName>Eth0</InterfaceName>
          <DHCPEnable>false</DHCPEnable>
          <IPAddress>192.168.0.21</IPAddress>
          <Netmask>255.255.255.0</Netmask>
          <Gateway>192.168.0.1</Gateway>
          <MACAddress>00:00:00:00:00:00</MACAddress>
          <PhysicalNetworkPort ID="Dau1PhyNetPort">
            <Name>Dau1PhyNetPort</Name>
            <Medium>Copper</Medium>
            <PortNumber>1</PortNumber>
            <PortDataRate>
              <FloatValue>1e9</FloatValue>
              <SIUnits>BitPerSecond</SIUnits>
            </PortDataRate>
          </PhysicalNetworkPort>
        </NetworkInterface>
        <Ports>
          <Port ID="Dau1NetworkPort">
            <Name>Dau1Port</Name>
            <PortDirection>Bidirectional</PortDirection>
            <PhysicalNetworkPortRef IDREF="Dau1PhyNetPort"/>
          </Port>
        </Ports>
      </NetworkNode>
      <NetworkNode ID="SystemManager">
        <Name>SystemManager</Name>
        <InventoryID>SystemManager</InventoryID>
        <TmNSManageableApps>
          <TmNSManageableApp ID="SystemManagerApp">
            <RoleID>SystemManager</RoleID>
            <LoggingLevel>Trace</LoggingLevel>
            <ConfigurationVersion>-TBD-</ConfigurationVersion>
            <TmNSConsolidatedManager>
              <ManageableAppRef IDREF="Dau1"/>
              <ManageableAppRef IDREF="Dau2"/>
              <ManageableAppRef IDREF="Dau3"/>
              <ManageableAppRef IDREF="Dau4"/>
              <ManageableAppRef IDREF="Recorder1"/>
              <ManageableAppRef IDREF="Recorder2"/>
              <ManageableAppRef IDREF="Switch1"/>
              <ManageableAppRef IDREF="Switch2"/>
              <ManageableAppRef IDREF="TmNSDataServer"/>
              <ManageableAppRef IDREF="MissionCtrlProc"/>
            </TmNSConsolidatedManager>
          </TmNSManageableApp>
        </TmNSManageableApps>
        <NetworkInterface ID="SystemManagerIFace">
          <Name>SystemManagerIFace</Name>
          <InterfaceName>SystemManagerIFace</InterfaceName>
          <DHCPEnable>false</DHCPEnable>
          <IPAddress>192.168.0.14</IPAddress>
          <Netmask>255.255.255.0</Netmask>
          <Gateway>192.168.0.1</Gateway>
          <MACAddress>00:00:00:00:00:00</MACAddress>
          <PhysicalNetworkPort ID="SystemManagerPhyNetPort">
            <Name>SystemManagerPhyNetPort1</Name>
            <Medium>Copper</Medium>
            <PortNumber>1</PortNumber>
            <PortDataRate>
              <FloatValue>1e9</FloatValue>
              <SIUnits>BitPerSecond</SIUnits>
            </PortDataRate>
          </PhysicalNetworkPort>
        </NetworkInterface>
        <Ports>
          <Port ID="SystemManagerNetworkPort">
            <Name>System Manager Network Port</Name>
            <PortDirection>Bidirectional</PortDirection>
            <PhysicalNetworkPortRef IDREF="SystemManagerPhyNetPort"/>
          </Port>
        </Ports>
      </NetworkNode>
      <NetworkNode ID="Dau2">
        <Name>Dau2</Name>
        <InventoryID>Dau2</InventoryID>
        <TmNSManageableApps>
          <TmNSManageableApp ID="DAU2App">
            <RoleID>Dau2</RoleID>
            <LoggingLevel>Trace</LoggingLevel>
            <ConfigurationVersion>-TBD-</ConfigurationVersion>
            <TmNSDAU/>
          </TmNSManageableApp>
        </TmNSManageableApps>
        <NetworkInterface ID="Dau2IFace">
          <Name>Dau2IFace</Name>
          <InterfaceName>Dau2IFace</InterfaceName>
          <DHCPEnable>false</DHCPEnable>
          <IPAddress>192.168.0.22</IPAddress>
          <Netmask>255.255.255.0</Netmask>
          <Gateway>192.168.0.1</Gateway>
          <MACAddress>00:00:00:00:00:00</MACAddress>
          <PhysicalNetworkPort ID="Dau2PhyNetPort">
            <Name>Dau2PhyNetPort1</Name>
            <Medium>Copper</Medium>
            <PortNumber>1</PortNumber>
            <PortDataRate>
              <FloatValue>1e9</FloatValue>
              <SIUnits>BitPerSecond</SIUnits>
            </PortDataRate>
          </PhysicalNetworkPort>
        </NetworkInterface>
        <Ports>
          <Port ID="Dau2NetworkPort">
            <Name>Dau2Port</Name>
            <PortDirection>Bidirectional</PortDirection>
            <PhysicalNetworkPortRef IDREF="Dau2PhyNetPort"/>
          </Port>
        </Ports>
      </NetworkNode>
      <NetworkNode ID="Dau3">
        <Name>Dau3</Name>
        <InventoryID>Dau3</InventoryID>
        <TmNSManageableApps>
          <TmNSManageableApp ID="DAU3App">
            <RoleID>Dau3</RoleID>
            <LoggingLevel>Trace</LoggingLevel>
            <ConfigurationVersion>-TBD-</ConfigurationVersion>
            <TmNSDAU/>
          </TmNSManageableApp>
        </TmNSManageableApps>
        <NetworkInterface ID="Dau3IFace">
          <Name>Dau3IFace</Name>
          <InterfaceName>Dau3IFace</InterfaceName>
          <DHCPEnable>false</DHCPEnable>
          <IPAddress>192.168.0.23</IPAddress>
          <Netmask>255.255.255.0</Netmask>
          <Gateway>192.168.0.1</Gateway>
          <MACAddress>00:00:00:00:00:00</MACAddress>
          <PhysicalNetworkPort ID="Dau3PhyNetPort">
            <Name>Dau3PhyNetPort1</Name>
            <Medium>Copper</Medium>
            <PortNumber>1</PortNumber>
            <PortDataRate>
              <FloatValue>1e9</FloatValue>
              <SIUnits>BitPerSecond</SIUnits>
            </PortDataRate>
          </PhysicalNetworkPort>
        </NetworkInterface>
        <Ports>
          <Port ID="Dau3NetworkPort">
            <Name>Dau 3 Port</Name>
            <PortDirection>Bidirectional</PortDirection>
            <PhysicalNetworkPortRef IDREF="Dau3PhyNetPort"/>
          </Port>
        </Ports>
      </NetworkNode>
      <NetworkNode ID="Dau4">
        <Name>Dau4</Name>
        <InventoryID>Dau4</InventoryID>
        <TmNSManageableApps>
          <TmNSManageableApp ID="DAU4App">
            <RoleID>Dau4</RoleID>
            <LoggingLevel>Trace</LoggingLevel>
            <ConfigurationVersion>-TBD-</ConfigurationVersion>
            <TmNSDAU/>
          </TmNSManageableApp>
        </TmNSManageableApps>
        <NetworkInterface ID="Dau4IFace">
          <Name>Dau4IFace</Name>
          <InterfaceName>Dau4IFace</InterfaceName>
          <DHCPEnable>false</DHCPEnable>
          <IPAddress>192.168.0.24</IPAddress>
          <Netmask>255.255.255.0</Netmask>
          <Gateway>192.168.0.1</Gateway>
          <MACAddress>00:00:00:00:00:00</MACAddress>
          <PhysicalNetworkPort ID="Dau4PhyNetPort">
            <Name>Dau4PhyNetPort1</Name>
            <Medium>Copper</Medium>
            <PortNumber>1</PortNumber>
            <PortDataRate>
              <FloatValue>1e9</FloatValue>
              <SIUnits>BitPerSecond</SIUnits>
            </PortDataRate>
          </PhysicalNetworkPort>
        </NetworkInterface>
        <Ports>
          <Port ID="Dau4NetworkPort">
            <Name>Dau4Port</Name>
            <PortDirection>Bidirectional</PortDirection>
            <PhysicalNetworkPortRef IDREF="Dau4PhyNetPort"/>
          </Port>
        </Ports>
      </NetworkNode>
      <NetworkNode ID="Recorder1">
        <Name>Recorder1</Name>
        <InventoryID>Recorder1</InventoryID>
        <TmNSManageableApps>
          <TmNSManageableApp ID="Recorder1App">
            <RoleID>Recorder1</RoleID>
            <LoggingLevel>Trace</LoggingLevel>
            <ConfigurationVersion>-TBD-</ConfigurationVersion>
            <TmNSRecorder/>
          </TmNSManageableApp>
        </TmNSManageableApps>
        <NetworkInterface ID="Recorder1IFace">
          <Name>Recorder1IFace</Name>
          <InterfaceName>Recorder1IFace</InterfaceName>
          <DHCPEnable>false</DHCPEnable>
          <IPAddress>192.168.0.7</IPAddress>
          <Netmask>255.255.255.0</Netmask>
          <Gateway>192.168.0.1</Gateway>
          <MACAddress>00:00:00:00:00:00</MACAddress>
          <PhysicalNetworkPort ID="Recorder1PhyNetPort">
            <Name>Recorder1PhyNetPort1</Name>
            <Medium>Copper</Medium>
            <PortNumber>1</PortNumber>
            <PortDataRate>
              <FloatValue>1e9</FloatValue>
              <SIUnits>BitPerSecond</SIUnits>
            </PortDataRate>
          </PhysicalNetworkPort>
        </NetworkInterface>
        <Ports>
          <Port ID="Recorder1Port">
            <Name>Recorder1Port</Name>
            <PortDirection>Bidirectional</PortDirection>
            <PhysicalNetworkPortRef IDREF="Recorder1PhyNetPort"/>
          </Port>
        </Ports>
      </NetworkNode>
      <NetworkNode ID="Recorder2">
        <Name>Recorder2</Name>
        <InventoryID>Recorder2</InventoryID>
        <TmNSManageableApps>
          <TmNSManageableApp ID="Recorder2App">
            <RoleID>Recorder2</RoleID>
            <LoggingLevel>Trace</LoggingLevel>
            <ConfigurationVersion>-TBD-</ConfigurationVersion>
            <TmNSRecorder/>
          </TmNSManageableApp>
        </TmNSManageableApps>
        <NetworkInterface ID="Recorder2IFace">
          <Name>Recorder2IFace</Name>
          <InterfaceName>Eth0</InterfaceName>
          <DHCPEnable>false</DHCPEnable>
          <IPAddress>192.168.0.3</IPAddress>
          <Netmask>255.255.255.0</Netmask>
          <Gateway>192.168.0.1</Gateway>
          <MACAddress>00:00:00:00:00:00</MACAddress>
          <PhysicalNetworkPort ID="Recorder2PhyNetPort">
            <Name>Recorder2PhyNetPort1</Name>
            <Medium>Copper</Medium>
            <PortNumber>1</PortNumber>
            <PortDataRate>
              <FloatValue>1e9</FloatValue>
              <SIUnits>BitPerSecond</SIUnits>
            </PortDataRate>
          </PhysicalNetworkPort>
        </NetworkInterface>
        <Ports>
          <Port ID="Recorder2Port">
            <Name>Recorder2Port</Name>
            <PortDirection>Bidirectional</PortDirection>
            <PhysicalNetworkPortRef IDREF="Recorder2PhyNetPort"/>
          </Port>
        </Ports>
      </NetworkNode>
      <NetworkNode ID="INE-3">
        <Name>Encryptor</Name>
        <InventoryID>Encryptor1</InventoryID>
        <TmNSManageableApps>
          <TmNSManageableApp ID="EncryptorApp">
            <RoleID>Encryptor</RoleID>
            <LoggingLevel>Trace</LoggingLevel>
            <ConfigurationVersion>-TBD-</ConfigurationVersion>
            <TmNSEncryptor>
              <RedNetworkInterfaceRef IDREF="EncryptorRedIFace"/>
              <BlackNetworkInterfaceRef IDREF="EncryptorBlackIFace"/>
            </TmNSEncryptor>
          </TmNSManageableApp>
        </TmNSManageableApps>
        <NetworkInterface ID="EncryptorRedIFace">
          <Name>Encryptor Red Network Interface</Name>
          <InterfaceName>Eth0</InterfaceName>
          <DHCPEnable>false</DHCPEnable>
          <IPAddress>192.168.0.3</IPAddress>
          <Netmask>255.255.255.0</Netmask>
          <Gateway>192.168.0.1</Gateway>
          <MACAddress>00:00:00:00:00:00</MACAddress>
          <PhysicalNetworkPort ID="EncryptorRedPhyNetPort">
            <Name>EncryptorRedPhyNetPort</Name>
            <Medium>Copper</Medium>
            <PortNumber>1</PortNumber>
            <PortDataRate>
              <FloatValue>1e9</FloatValue>
              <SIUnits>BitPerSecond</SIUnits>
            </PortDataRate>
          </PhysicalNetworkPort>
        </NetworkInterface>
        <NetworkInterface ID="EncryptorBlackIFace">
          <Name>Encryptor Network Interface</Name>
          <InterfaceName>Eth0</InterfaceName>
          <DHCPEnable>false</DHCPEnable>
          <IPAddress>123.111.0.5</IPAddress>
          <Netmask>255.255.255.0</Netmask>
          <Gateway>123.111.0.1</Gateway>
          <MACAddress>00:00:00:00:00:00</MACAddress>
          <PhysicalNetworkPort ID="EncryptorBlackPhyNetPort">
            <Name>EncryptorBlackPhyNetPort</Name>
            <Medium>Copper</Medium>
            <PortNumber>1</PortNumber>
            <PortDataRate>
              <FloatValue>1e9</FloatValue>
              <SIUnits>BitPerSecond</SIUnits>
            </PortDataRate>
          </PhysicalNetworkPort>
        </NetworkInterface>
        <Ports>
          <Port ID="EncryptorBlackPort">
            <PortDirection>Bidirectional</PortDirection>
            <PhysicalNetworkPortRef IDREF="EncryptorBlackPhyNetPort"/>
          </Port>
          <Port ID="EncryptorRedPort">
            <PortDirection>Bidirectional</PortDirection>
            <PhysicalNetworkPortRef IDREF="EncryptorRedPhyNetPort"/>
          </Port>
        </Ports>
      </NetworkNode>
      <PortMappings>
        <PortMapping ID="PM1">
          <PortRef IDREF="Dau1NetworkPort"/>
          <PortRef IDREF="Switch1Port1"/>
        </PortMapping>
        <PortMapping ID="PM2">
          <PortRef IDREF="Dau2NetworkPort"/>
          <PortRef IDREF="Switch1Port2"/>
        </PortMapping>
        <PortMapping ID="PM3">
          <PortRef IDREF="Dau3NetworkPort"/>
          <PortRef IDREF="Switch2Port4"/>
        </PortMapping>
        <PortMapping ID="PM4">
          <PortRef IDREF="Dau4NetworkPort"/>
          <PortRef IDREF="Switch1Port4"/>
        </PortMapping>
        <PortMapping ID="PM5">
          <PortRef IDREF="Recorder1Port"/>
          <PortRef IDREF="Switch1Port5"/>
        </PortMapping>
        <PortMapping ID="PM6">
          <PortRef IDREF="Recorder2Port"/>
          <PortRef IDREF="Switch2Port3"/>
        </PortMapping>
        <PortMapping ID="PM7">
          <PortRef IDREF="SystemManagerNetworkPort"/>
          <PortRef IDREF="Switch1Port21"/>
        </PortMapping>
        <PortMapping ID="PM8">
          <PortRef IDREF="Switch2Port2"/>
          <PortRef IDREF="Switch1Port22"/>
        </PortMapping>
        <PortMapping ID="PM9">
          <PortRef IDREF="EncryptorRedPort"/>
          <PortRef IDREF="Switch2Port1"/>
        </PortMapping>
        <PortMapping ID="PM10">
          <PortRef IDREF="TmNSDataServerPort"/>
          <PortRef IDREF="Switch2Port5"/>
        </PortMapping>
        <PortMapping ID="PM11">
          <PortRef IDREF="MissionCtrlProcPort"/>
          <PortRef IDREF="Switch2Port6"/>
        </PortMapping>
      </PortMappings>
    </Network>
  </NetworkDomains>
  <DSCPTable>
    <DSCPTableEntry ID="DiffservBestEffort">
      <Name>Best Effort Diffserv</Name>
      <Description>Diffserv Code Point for Best Effort per the Test Article Standard</Description>
      <DSCPValue>0b000000</DSCPValue>
      <DSCPDescription>Best Effort PHB</DSCPDescription>
    </DSCPTableEntry>
    <DSCPTableEntry ID="DiffservExpeditedForwarding">
      <Name>Expedited Forwarding Diffserv</Name>
      <Description>Diffserv Code Point for Expedited Forwarding per the Test Article Standard</Description>
      <DSCPValue>0b101110</DSCPValue>
      <DSCPDescription>Expedited Forwarding PHB</DSCPDescription>
    </DSCPTableEntry>
    <DSCPTableEntry ID="DiffservAssuredForwarding1">
      <Name>Assured Forwarding 1 Diffserv</Name>
      <Description>Diffserv Code Point for Assured Forwarding Class Selector 1 per the Test Article Standard</Description>
      <DSCPValue>0b001000</DSCPValue>
      <DSCPDescription>Assured Forwarding Class 1</DSCPDescription>
    </DSCPTableEntry>
    <DSCPTableEntry ID="DiffservAssuredForwarding2">
      <Name>Assured Forwarding 2 Diffserv</Name>
      <Description>Diffserv Code Point for Assured Forwarding Class Selector 2 per the Test Article Standard</Description>
      <DSCPValue>0b010000</DSCPValue>
      <DSCPDescription>Assured Forwarding Class 2</DSCPDescription>
    </DSCPTableEntry>
    <DSCPTableEntry ID="DiffservAssuredForwarding3">
      <Name>Assured Forwarding 3 Diffserv</Name>
      <Description>Diffserv Code Point for Assured Forwarding Class Selector 3 per the Test Article Standard</Description>
      <DSCPValue>0b011000</DSCPValue>
      <DSCPDescription>Assured Forwarding Class 3</DSCPDescription>
    </DSCPTableEntry>
    <DSCPTableEntry ID="DiffservAssuredForwarding4">
      <Name>Assured Forwarding 4 Diffserv</Name>
      <Description>Diffserv Code Point for Assured Forwarding Class Selector 4 per the Test Article Standard</Description>
      <DSCPValue>0b100000</DSCPValue>
      <DSCPDescription>Assured Forwarding Class 4</DSCPDescription>
    </DSCPTableEntry>
  </DSCPTable>
</MDLRoot>
