<?xml version='1.0' encoding='UTF-8' standalone='yes'?>
<MessageDefinitionDomains xmlns:xsi="http://www.w3.org/2001/XMLSchema-instance" 
                          xmlns="http://inetprogram.org/projects/MDL" 
                          xmlns:mdl="http://inetprogram.org/projects/MDL" 
                          xsi:schemaLocation="MDL_v0_8_3.xsd">
  <MessageDefinitionDomain>
    <Name>Measurements and Data Operations Example</Name>
    <TmNSVersion>-TBD-</TmNSVersion>
    <TmNSCompleteness>false</TmNSCompleteness>
    <TmNSCompletenessDescription>-TBD-</TmNSCompletenessDescription>
    <Units>
      <DerivedUnit ID="GForceUnits">
	<Name>G Force</Name>
        <Symbol>G</Symbol>
	<UnitsNumerator>
	  <NumericalConstant>9.80665</NumericalConstant>
	  <SIUnits>MeterPerSecondSquared</SIUnits>
	</UnitsNumerator>
      </DerivedUnit>
    </Units>
    <Measurements>
      <Measurement ID="GearVibMeas">
        <Name>GEARVIB</Name>
        <Description>Gear Box Vibration</Description>
        <MeasurementID>0x00000001</MeasurementID>
        <MeasurementType>DigitalBus</MeasurementType>
        <MeasurementActive>true</MeasurementActive>
        <Requirements>
          <UnitsRef IDREF="GForceUnits"/>
        </Requirements>
        <Implementation>
          <MeasurementSource/>
          <DigitalAttributes>
            <DataLength>
              <ConditionParameter>
                <ConditionOperation>==</ConditionOperation>
                <ConditionValueFloat>24</ConditionValueFloat>
                <SIUnits>Bit</SIUnits>
              </ConditionParameter>
            </DataLength>
            <Endianness>BigEndian</Endianness>
            <DigitalEncoding>UnsignedBinary</DigitalEncoding>
          </DigitalAttributes>
        </Implementation>
      </Measurement>
    </Measurements>
    <Packages>
      <PackageDefinition ID="PackageDefinition1">
        <PackageDefinitionID>0x00000010</PackageDefinitionID>
        <StandardPackageHeader>true</StandardPackageHeader>
        <PackageStructureRef IDREF="PackageStructure1"/>
        <DataMap>
          <DataWordToFieldMap>
            <DataWord>
              <DataWordWidth>
                <FlexValue>32</FlexValue>
                <SIUnits>Bit</SIUnits>
              </DataWordWidth>
              <Syllable>
                <MeasurementRef IDREF="GearVibMeas"/>
                <SyllableMask>0xFFFF00</SyllableMask>
                <SyllableWidth>
                  <FlexValue>16</FlexValue>
                  <SIUnits>Bit</SIUnits>
                </SyllableWidth>
                <SyllableStartBit>9</SyllableStartBit>
                <DataWordOffset>16</DataWordOffset>
              </Syllable>
              <Syllable>
                <MeasurementRef IDREF="GearVibMeas"/>
                <SyllableMask>0xFF</SyllableMask>
                <SyllableWidth>
                  <FlexValue>16</FlexValue>
                  <SIUnits>Bit</SIUnits>
                </SyllableWidth>
                <SyllableStartBit>1</SyllableStartBit>
                <DataWordOffset>0</DataWordOffset>
              </Syllable>
            </DataWord>
            <PackageDataFieldSetRef IDREF="Package1_Field_3_4_Set"/>
            <FillValue>0</FillValue>
            <TimeOrder>IncreasingTemporal</TimeOrder>
          </DataWordToFieldMap>
        </DataMap>
      </PackageDefinition>
      <PackageStructure ID="PackageStructure1">
        <PackageDataField ID="Package1_Field1_FrameSync">
          <FieldLocation ID="Package1_Field1_Location">
            <FieldOffset>
              <OffsetValue>
                <FlexValue>6</FlexValue> <!--This offset is from the start of the message.  Standard header is 6 bytes-->
                <SIUnits>Byte</SIUnits>
              </OffsetValue>
            </FieldOffset>
            <FieldWidth>
              <FlexValue>4</FlexValue>
              <SIUnits>Byte</SIUnits>
            </FieldWidth>
          </FieldLocation>
          <FieldEncoding>
            <Endianness>BigEndian</Endianness>
            <DigitalEncoding>UnsignedBinary</DigitalEncoding>
          </FieldEncoding>
          <FieldRepetitions>0</FieldRepetitions>
        </PackageDataField>
        <PackageDataField ID="Package1_Field2_FrameID">
          <FieldLocation ID="Package1_Field2_Location">
            <FieldOffset>
              <OffsetValue>
                <FlexValue>10</FlexValue> <!--This offset is from the start of the message.  Standard header is 6 bytes-->
                <SIUnits>Byte</SIUnits>
              </OffsetValue>
            </FieldOffset>
            <FieldWidth>
              <FlexValue>2</FlexValue>
              <SIUnits>Byte</SIUnits>
            </FieldWidth>
          </FieldLocation>
          <FieldEncoding>
            <Endianness>BigEndian</Endianness>
            <DigitalEncoding>UnsignedBinary</DigitalEncoding>
          </FieldEncoding>
          <FieldRepetitions>0</FieldRepetitions>
        </PackageDataField>
        <PackageDataField ID="Package1_Field5">
          <FieldLocation ID="Package1_Field5_Location">
            <FieldOffset>
              <OffsetValue>
                <FlexValue>16</FlexValue> <!--This offset is from the start of the message.  Standard header is 6 bytes-->
                <SIUnits>Byte</SIUnits>
              </OffsetValue>
            </FieldOffset>
            <FieldWidth>
              <FlexValue>2</FlexValue>
              <SIUnits>Byte</SIUnits>
            </FieldWidth>
          </FieldLocation>
          <FieldEncoding>
            <Endianness>BigEndian</Endianness>
            <DigitalEncoding>UnsignedBinary</DigitalEncoding>
          </FieldEncoding>
          <FieldRepetitions>0</FieldRepetitions>
        </PackageDataField>
        <PackageDataFieldSet ID="Package1_Field_3_4_Set">
          <PackageDataField ID="PDF1">
            <FieldLocation ID="Package1_Field3_Location">
              <FieldOffset>
                <OffsetValue>
                  <FlexValue>12</FlexValue> <!--This offset is from the start of the message.  Standard header is 6 bytes-->
                  <SIUnits>Byte</SIUnits>
                </OffsetValue>
              </FieldOffset>
              <FieldWidth>
                <FlexValue>2</FlexValue>
                <SIUnits>Byte</SIUnits>
              </FieldWidth>
            </FieldLocation>
            <FieldEncoding>
              <Endianness>BigEndian</Endianness>
              <DigitalEncoding>UnsignedBinary</DigitalEncoding>
            </FieldEncoding>
            <FieldRepetitions>0</FieldRepetitions>
          </PackageDataField>
          <PackageDataField ID="PDF_2">
            <FieldLocation ID="Package1_Field4_Location">
              <FieldOffset>
                <OffsetValue>
                  <FlexValue>14</FlexValue> <!--This offset is from the start of the message.  Standard header is 6 bytes-->
                  <SIUnits>Byte</SIUnits>
                </OffsetValue>
              </FieldOffset>
              <FieldWidth>
                <FlexValue>2</FlexValue>
                <SIUnits>Byte</SIUnits>
              </FieldWidth>
            </FieldLocation>
            <FieldEncoding>
              <Endianness>BigEndian</Endianness>
              <DigitalEncoding>UnsignedBinary</DigitalEncoding>
            </FieldEncoding>
            <FieldRepetitions>0</FieldRepetitions>
          </PackageDataField>
        </PackageDataFieldSet>
      </PackageStructure>
    </Packages>
  </MessageDefinitionDomain>
</MessageDefinitionDomains>
